"","Human_presence","Agricultural_landuse","Resistance","Speed_of_recovery","Resonance"
"1",9.72033242480593,-3.21021406090779,1.60616613371705,0.352766983169203,4.77263770412793
"2",12.4685200317431,-4.09007360404948,1.17216260326357,1.10628961834102,-1.71763540995458
"3",12.0652913058863,0.684596414569425,0.66293806798294,0.688665893280411,3.7931599286782
"4",-0.641510780897396,0.465253270902154,-0.578705869340712,0.900314268934999,3.72022902198332
"5",15.4604177515561,-5.7538060383704,1.10851590476605,-0.769587280453984,-0.261863934786568
"6",-0.22226152736176,-6.3291526522135,0.14346122058408,0.0898468519553438,-0.390782733913182
"7",17.5476125081919,-4.87382818167923,2.22379870024834,0.346454890370309,-3.59935314248826
"8",7.45474294536788,-3.09470951070564,-2.60238362980363,1.57204249239287,3.23063540183789
"9",5.74125950564116,0.721157298919804,1.74565410305923,0.335011597958993,0.445926333291875
"10",13.5644875647581,-6.29372540585122,3.35553667738356,1.23612606182681,2.88006701810091
"11",0.450850456127288,-6.34970513560383,0.237840999544042,1.08066363264451,4.13238389421728
"12",16.1034393569008,-0.79473912243551,1.95155701706684,-0.078539850132412,2.08570534215567
"13",4.18398235514383,-2.91203968789782,1.30280534823339,-1.33922311366439,1.24111850966144
"14",5.34635541545321,-5.43330226563854,0.0327185466073394,1.15878331029789,-4.37929702711874
"15",10.1048382970807,-2.05064391064058,-0.996407487605471,2.3967154239048,1.48606996706925
"16",14.7607749616127,-3.76025350534521,-0.29048569136518,1.29661399758661,2.28632513219859
"17",0.216439743266883,3.51941659479329,1.74612007396923,2.29561430114568,3.27119721230997
"18",15.3356685262538,2.20697278549976,-0.321035138881093,0.213167976138178,2.34119991755666
"19",-0.295697049709549,-2.08278817810241,3.52092482001136,2.40276862306739,-3.03319466980335
"20",15.662648162097,1.43352960667269,0.311139667338598,-0.689669410571403,3.09915043995363
"21",17.1561438693681,1.42415932021752,2.82601231223659,2.01888787212411,1.91649206631881
"22",3.50508653452305,-7.22172046465735,1.19975949771885,0.820792396431302,4.50470068207967
"23",5.40777733938721,-5.33809450814367,0.98567427957103,0.172981859277526,0.865129098835724
"24",13.7121172249435,-6.24185841109852,1.19720012994348,0.359839247687858,-0.578498368558654
"25",16.8148210619287,-2.35282199114021,-0.0825975485918478,0.0866051876234771,0.929393280409254
"26",3.64479196528111,-1.85807765381609,2.36841301386034,1.45618279978595,1.54250678080195
"27",11.8546967737253,0.436785397102516,2.62946255386548,1.82156932193988,6.91837458549344
"28",2.93344079842965,-1.05009729798473,2.14312388026871,1.49976664781753,-0.245792278514064
"29",2.06742759026613,-3.9721650315469,1.19270724667985,0.314414657832741,4.47678880279053
"30",5.26973676453686,-0.34206951349733,1.86424575446749,0.137171139816569,4.82684506078874
"31",8.44580116733705,2.78141755487709,0.461860645665783,2.0617421418625,2.50340555911574
"32",8.06682780211169,-2.24971909221602,1.26635323771139,2.66577694746885,5.63098061822292
"33",14.4242374953232,1.45654802367232,0.19286451134923,1.92301827260251,-0.632048929392187
"34",11.8036044191303,-0.844351044744474,3.19948017092403,0.582447495993943,2.95915251466724
"35",15.0512007385924,-6.49344764536945,0.83871985885308,1.56225613077154,3.79889312849265
"36",14.2970640017817,3.01259582783434,2.33631564944309,0.811927432436752,-0.580985699247464
"37",11.5510347316575,-6.87762588903932,0.0527387717866692,1.91202737753812,1.78255039631823
"38",5.11539928260778,-6.91546728744877,-1.95156234119712,-0.141242417072105,2.3745552242343
"39",14.0152242245256,-5.6777947002742,1.21232807996853,0.57506171981892,2.20907589055518
"40",4.97251181838195,-3.9550593403589,4.26937220688528,1.2164212203393,1.80319267391641
"41",3.04156845933441,0.183978409045637,-0.171864498251622,-0.0260926024148663,4.60378598344102
"42",15.5138471447157,-7.1015852692125,0.72091856376864,1.15690893833774,-3.34541985243031
"43",8.62143153968611,-6.97337084114436,-1.00815014483832,0.355354571665018,3.49243737063687
"44",11.1582649261299,-1.86879865815371,0.995002919471082,0.627382358779946,2.02323637292555
"45",7.95308244778085,2.54533667111299,0.680287217170474,0.899126077431024,2.80392495051411
"46",1.51132745533684,-6.33259432960339,-0.232705529122205,0.534087990439091,6.64137700027198
"47",-0.15520221154239,3.62722304737865,3.68158863390876,0.0802981574445437,4.03170660238885
"48",12.7358707219006,-2.82461037736012,1.46121464936507,1.68780677423977,-1.05939738864812
"49",11.1144617359897,0.292708437478704,2.75771777982373,-0.499573695379915,2.50477712000899
"50",7.7272073867175,-6.52817096895483,2.99326286359754,1.84931320658856,6.17577492606946
"51",14.0010579339647,-5.6546356259324,2.24236637960067,0.581131379028947,3.39700279047554
"52",8.57920719107395,2.96149706949967,1.59009595238629,1.99568399035606,0.764358223229468
"53",11.3751020580716,-0.190646129838407,3.4892669711187,0.781911266342069,2.30421390282445
"54",11.3537309525263,-4.26849960441869,-0.22402350922423,1.29332841814094,4.01504580514898
"55",2.94195809170782,-7.202531086668,3.51146468629212,2.62132282771385,2.18524024302571
"56",-0.703110952516881,-3.55470335233184,-0.40981347256033,-0.0817462237685646,4.59898878832596
"57",15.335136512046,0.307877194402819,2.44688846628232,1.74669609413576,0.521441943443251
"58",15.2420113713474,-0.720114114037691,2.30691016578962,2.43327021817756,5.93840675469091
"59",2.23857709064557,-5.64938713184798,4.03747530455739,1.14998717910904,2.21703868798035
"60",7.47274629992611,0.776877264012343,1.39815869819811,1.30244613608737,1.35228122692599
"61",7.18390349113469,-1.57670920876481,2.29873443613798,0.628005980712535,0.353338672941269
"62",8.16609755778035,3.6503402175813,1.75377753427144,0.0214418635154995,2.06939117836492
"63",8.36671979946001,-3.46826139246667,-1.19708109729471,0.41078622070018,-1.70875274267236
"64",3.09167562831891,-4.24168118140889,-0.420602536692057,0.970361787943458,1.72668243613913
"65",16.7135667655033,-7.00866807770055,1.02714660324379,-0.494227504388982,2.59383246540575
"66",15.01938511819,0.577940663364969,1.51409910571263,1.09528075682757,1.51267009007204
"67",1.12782142343592,-5.38059529567498,0.999012889922083,0.181080106388546,4.96932206951884
"68",12.8636710805135,-2.14419096528391,2.24693148782104,-0.620877862990064,2.0604114020936
"69",4.80977456618603,-1.75460532928388,1.43309099939936,-0.742770523707061,0.798793709726674
"70",17.6721900386069,-0.445336433364811,2.09997115228215,0.561459672338829,1.79095684560984
"71",6.05562420364104,-3.30821760221867,0.41803288746662,0.479799591920923,-3.42808942423484
"72",11.0158912422385,2.63318519125792,-0.399656089183345,0.939398918210298,-2.22529083398345
"73",5.78306861073156,2.09815481173045,1.95033226907932,0.538911532467181,-3.01094053603798
"74",11.6604589651848,0.548296905749692,1.61773100291562,1.30210019691905,0.957466868161023
"75",3.41644075224009,-4.17135120928341,-0.095222374582266,0.597278915875462,-0.478594776953445
"76",15.1414925953594,1.11463134623138,2.12323766308865,2.77249261139902,0.146619641854209
"77",14.1787930054463,-1.92214041944666,0.733863737495288,0.10771047382849,2.16031422411575
"78",8.49843200053787,-6.95707365303761,1.88144972468851,1.1122690927882,-2.01590442848739
"79",10.3781427029924,2.99069527070406,1.25307082025202,0.00223761383664112,1.56199298813358
"80",2.10110964970207,2.51370996694883,0.918579853958612,2.313958598635,1.41832906728739
"81",-0.471578769947472,-2.6965541957014,1.17074460916842,-0.427774839879416,2.46760950445549
"82",14.2412538461553,2.47320749143071,3.86650618059558,-1.15233782289651,4.67304146966471
"83",16.027570235699,-3.15882951965593,1.84787922920262,0.0258010781109814,3.3245810416383
"84",10.4162975101746,-2.45279100558111,2.06291869395779,1.21180141994036,-1.04805342808059
"85",16.087368427876,-2.88554684924653,-0.0748853062853978,0.475411930985769,3.67203793600298
"86",6.78366060209112,-5.89362138147531,2.32704125599394,1.08511258703631,-1.16752577194699
"87",14.6454422675937,-5.55227677451623,0.585105678361746,2.04147346605664,3.29244669725398
"88",-0.720695604637451,0.150020002244122,0.358913155443087,-0.0490477784528996,-0.0232927235159592
"89",3.71285003972841,1.89776927881391,-0.803296653526584,1.76759534859018,1.92470371579543
"90",16.3362169450665,-5.58081542775279,1.12396586753948,0.211692436880699,1.83199315626153
"91",0.0741518155607777,-0.586541943591626,0.0323314198808891,-0.728267655438743,1.99523755273194
"92",6.42581443319464,-1.38367238131051,0.487166964087562,1.54250462482992,4.44181205486952
"93",6.54718851335373,-1.30352458189791,1.09430035419839,2.46508175856985,4.19084535582989
"94",7.1224625988086,-6.27584543561733,0.538523854896685,0.176256350062464,-0.417681750558549
"95",1.90225142842257,-3.09632397523216,1.41397555475712,0.166425679289473,3.09186623467469
"96",-1.26642899467211,2.11230213587878,1.93098350370104,0.907654311886097,-1.31207870275104
"97",9.99178988091683,-6.45499759742124,1.82215228177511,0.666801147841623,3.65224929536628
"98",-1.34544743431854,3.64528253281038,1.03170003398045,-0.0657448056834369,5.50474323469796
"99",-0.931470436684987,-1.09208666998112,-0.232015851133534,2.27648015220749,3.81187166379643
"100",14.2767358105746,3.0279110455466,1.41181806896401,1.55444982291105,2.29727962143489
"101",9.48501640636975,1.81686453709893,1.81238758127805,0.973096911605505,2.91906967564293
"102",12.5471259344584,-2.1077297488101,0.48655366197371,1.76007251208091,-1.37034861001737
"103",-0.0787197003507645,-2.01952925282068,1.69525547024499,1.87704041051547,1.78746845732202
"104",15.4086584538718,-2.75101767268581,2.81184087909135,2.3796053958274,5.43306938436949
"105",15.5691414277418,-5.52272999069594,-0.428360197488275,0.154321873593104,-0.335711868752149
"106",4.3466767559569,-6.52156982250595,1.0543778129373,0.610930919378782,0.350607460474079
"107",9.79621421534445,-0.455141034682654,-1.00963362343974,2.18940111893654,6.14752628173999
"108",7.76736182567947,-4.68801116956768,1.36366444703806,2.13495408942757,1.46434866360349
"109",14.1492336666029,-1.94800680133703,-0.225501006322534,1.47077907142031,1.97263092583449
"110",11.1107346183308,-2.2613907130953,-2.72113620703987,-1.04844161817337,-0.440487656404953
"111",17.3592971560653,-2.09614171805421,2.22250131829931,-0.263917769681375,2.56393373059615
"112",0.423330559983744,-2.88241521202153,0.585864042402561,1.15271155058086,6.40872465722347
"113",-0.972391557488901,-1.1327665159453,-2.46030597481518,-0.345112856898496,-1.58974099425856
"114",4.07866244807714,-2.06685279858083,0.54547194540957,1.32850025827267,2.73109137180716
"115",8.50553760206192,-6.30016908388888,0.356615600982005,0.536866766707765,1.74809830314932
"116",15.5802937249347,0.997738476653039,1.28353399408486,0.449821438616423,-1.73502492318872
"117",3.27911975654294,-1.43038725650492,0.437119396225109,-0.539814876285634,2.14298381028851
"118",0.654056686050779,-7.08685906972651,-0.161491425124018,0.440020214432198,3.47016376719154
"119",15.8692048306215,3.1749600213473,2.24086081599991,0.343619702870712,1.8078787673958
"120",6.07994042249556,-6.20749038824857,0.0645274368372686,2.14684200631704,5.71188589578056
"121",12.232475691154,-6.9920726140232,3.26795703035925,0.140691417858839,3.36668644716099
"122",0.904005962049503,-6.86875695671002,1.65072152125167,1.11415320062297,3.90091602266289
"123",10.7794714334347,-2.36340043519415,0.379544340010016,1.01925195718019,1.18210228390164
"124",0.804754235479174,-0.113561293540068,2.17035143035832,0.724894442662547,0.99838278030787
"125",12.4154937781254,-3.64243763816105,-0.137460972912762,-1.76949037364977,0.838464153417542
"126",9.05873963288654,3.78131850788421,1.71760223234733,1.18065576651184,0.392589259056704
"127",15.0058611843703,-2.44741054355326,1.08577671810512,2.0022448803333,8.40757816174176
"128",14.0586823866916,-5.69406042413647,1.8197481216834,0.830478253297878,1.68439941529132
"129",1.80211362286305,3.7709426903055,1.00385021670493,1.32326143189046,3.61800103317498
"130",7.94559026232395,-4.18055144268092,-0.524226270348191,1.61070496725154,3.19617496032825
"131",9.59473304516221,-0.91940210703092,1.50060145176561,1.62018652202201,2.94311894255139
"132",5.97882357457392,-6.37618034839066,0.198891332964378,1.56953284528855,1.71943076966548
"133",4.84321640235452,-6.8517819113942,1.94318928189933,1.27605392440409,2.92047912777133
"134",2.32297648162469,-1.28196371560013,2.34549960105024,0.127700637526467,0.973123196236546
"135",12.4146704849147,3.50060091351691,1.58839483754103,0.101430453930247,3.19634055701765
"136",14.6742983647631,-6.76504394424371,0.111388805164278,1.31980889142731,3.2747295810393
"137",9.52351298738513,0.0944238203437546,0.0702098555666464,2.52200621989921,2.57071187504164
"138",6.70222880960039,3.37387035141381,0.121453171700057,1.18797966351233,4.85074793659772
"139",-0.425905891084445,0.0507026848230687,3.33663722684374,1.09119636349665,4.3348575647597
"140",10.470794626602,-7.03516072185229,-1.27747773032287,0.780397738187017,3.61675690024762
"141",7.69541449633391,-0.845184564673016,2.14321434387271,-0.65873773666668,1.37070862555658
"142",9.90951365442823,3.75667018204258,1.32674433522935,1.24890606419799,-1.30763484201833
"143",5.6342801736544,-4.72950598440891,3.06930526655502,0.552661886865593,2.32615910740078
"144",0.613178389919935,-5.36462240139596,2.11987426019365,1.2987675878004,-0.715022875412671
"145",9.79572994931168,-6.87643772546843,0.103988658501957,0.137933806614911,3.2668841678539
"146",5.55168870504279,2.97498081638548,-0.827728583919145,1.17353883833297,4.60917585624423
"147",9.81447895176381,1.63384453888162,0.766923083162878,2.72981456700957,0.465816666181773
"148",0.604540154779191,-3.90429328138648,0.552294600032469,2.62395801166293,3.19648331318413
"149",11.6276487528795,-2.16196550362083,1.07079220722213,1.57819184379497,3.43960331256804
"150",16.9482157518176,3.2144070450673,-1.01976873664831,-0.569930462001137,-0.580200784529902
"151",2.94481502714548,2.85606507265505,-0.332546953485798,0.563906030012126,5.9239119390426
"152",16.1860455960181,0.210614331026698,0.808910339816432,1.25428123811861,2.81627221220686
"153",14.9886707284685,-2.12046036190495,0.0667352742465717,2.50035002176207,-0.35574390238356
"154",17.2954503095027,-3.80647931142576,0.212801582913977,-0.461249657290261,5.52814860671461
"155",11.160062792267,3.70941353624188,3.64881062045096,-0.30700611210318,-2.09000239837495
"156",3.31467265767373,-3.19458506811365,-0.303494795920114,2.35226093513082,1.00219488136222
"157",7.37794031306761,3.54894043029527,0.854997044610195,0.552448097765982,-0.134707675441369
"158",6.64580269539408,-2.94675306572251,1.44382951292317,0.527110579019509,-1.69416886121401
"159",11.5659003331038,-6.15160780576353,1.58684996937724,0.289754747526062,-0.760536326036018
"160",-0.167423496265686,-2.61083879415515,0.809676427386039,1.93761889431136,0.323546975475107
"161",9.7369521640355,-2.03743299142503,-0.753899595217839,1.26977643114168,0.551780297533275
"162",8.00245971873563,-5.65383279750689,1.0139382198035,-0.37987378860562,3.37717204932625
"163",3.41775839442374,-3.81468463758045,-0.20240180609353,1.54897089053016,1.81676457548579
"164",7.47747571970981,-3.25048979463508,0.108210327446093,2.10527882255721,-1.57027175818717
"165",3.57734104409112,3.11621528601799,1.81438795386879,1.63841868682553,1.51069307393155
"166",6.24080640118859,-3.6108194735784,4.67885778783369,-0.40971422358182,1.9778982160416
"167",2.57034810849958,1.78162588170395,0.452224526218594,0.426961985653822,3.5676174091939
"168",11.7533350683902,-0.907315870939144,0.123352625007171,0.139145156021548,3.97466547023867
"169",11.5575635355839,-3.59692903339413,-0.263932591406455,-0.034114751937411,-0.414746055417163
"170",11.1495935397064,0.144893774781073,2.84114784990498,1.23230972994652,5.77852599847628
"171",-0.472332769097778,-7.26267187141635,3.50396305867235,0.315484333208228,4.74575063286709
"172",3.22095145272616,2.85612782241469,-0.0833227962343623,1.40531774800155,4.19496035704753
"173",14.2207456221594,-6.17555719747882,1.76814299389436,1.73456755234211,-2.24346804082469
"174",11.7099084148558,2.69939463525972,2.90001436806931,1.01452805935051,4.06669119799475
"175",15.4888344996315,-1.66252425716065,-1.03444169095409,1.31052653838082,8.3995555357492
"176",-0.780079759684203,-6.01864868212304,1.41447172388641,1.00703220391459,1.2818111021076
"177",4.37741434756988,3.11653942214338,2.02642003195249,-0.681683002470663,3.76359016575892
"178",1.19613632572765,3.74621639117204,0.808178878638488,0.57154862328617,-0.414662568442205
"179",0.344885873020612,-2.20303904295423,2.28805701072902,-1.44819467065213,5.36666930451242
"180",9.21290639928677,0.449009178543683,2.3040628478237,-0.42201904069354,2.96127061660718
"181",4.11905426126386,-1.8495332439829,-0.363599774445901,2.18596534942025,4.17798351728648
"182",15.4321765490272,2.77057662842616,4.59554462547338,0.147662828473858,-1.23874629622271
"183",-0.5284264756988,-7.04223122987973,2.70746758239204,-0.0274646863897539,3.50429894705209
"184",7.30259439184774,0.139687466071625,-0.825151246073178,0.353830024845994,-0.952863722590291
"185",5.19522498959973,-1.24952012647553,0.892351784347848,1.83733587620863,0.681610431726975
"186",13.3322840319865,2.57619016072204,0.63653309783516,-0.499285338526045,3.46259260707578
"187",16.574846720679,1.66681650968415,-0.0809789581007843,2.00349525944909,1.68441913553904
"188",17.2803077766544,-5.95477239162009,2.86968763135485,1.11626846020762,-0.934116115255731
"189",1.58941250853039,-5.38547408028718,3.13908560677207,0.0583888867735348,1.50485835063842
"190",8.37305856333508,-5.72723000910831,1.20419985493805,2.44136235902426,-1.19868247494764
"191",5.9102325777865,3.29856791685997,-1.62637229472706,1.84382496966254,0.973421576927164
"192",3.91749590428262,-5.28880134168206,-1.34258579225625,0.964912702086455,1.13141122878569
"193",2.48946643499263,-4.1031990039164,0.769064900426245,0.36379842128594,2.53970042403493
"194",12.5883740096218,-2.21923715456816,3.51758618595962,0.565503800956282,1.97632231558727
"195",17.1890690004817,0.848723178758078,1.72461770716624,0.100928049497304,3.40034626926971
"196",7.22228320797987,-5.54468717085009,-1.47058931113686,2.11294902962394,-2.42048501859263
"197",6.98792519350614,-2.06055359691025,0.834158233956309,1.34974856110463,2.56313147734569
"198",8.07848865787794,-2.38497086876701,-0.446347678270161,0.698767775046199,7.91493950752594
"199",-0.32339253591594,0.217277911830534,2.65725419511426,-0.432296292906779,4.405909665172
"200",3.00003202543682,-0.548611298801672,0.602221942643079,0.907941216543927,5.41699482875192
"201",13.9956301559442,-3.98384931329542,-1.63241913535229,2.39171018210948,4.29886367134078
"202",16.7896706389202,-1.88908493737191,2.82639529576311,-0.135631272841014,4.18831521005125
"203",11.4003951468932,-5.50835755697597,2.70701752873185,-0.114273251414464,2.52785938750809
"204",1.93067638530228,0.504446909021603,0.231891860560703,0.0266948412031254,0.160125555298112
"205",4.77086209616265,-3.83034103904065,0.118757203147231,0.500957746268977,-1.49431965103103
"206",7.59310632565928,3.88904930803044,1.77389353339607,0.475570296518784,-1.06186921853878
"207",14.160074367557,2.27015107232017,3.46378043857655,0.352242508074202,1.62546317439643
"208",6.07586894460692,2.67781758607385,3.40999101717698,1.05351086000126,0.294027715970361
"209",15.3526046828365,2.39243463355124,1.0885311268395,0.382647935861873,0.0328672730251607
"210",4.70900630309025,-4.95543987405597,0.480320912251894,0.74682683745718,1.26376642362594
"211",7.29190712519783,2.4602683774486,2.08033682318863,1.02630887407274,4.58332531761584
"212",9.50138742862333,1.58014131332027,-0.566184675848351,0.865480020888831,1.09799316764401
"213",11.3598173446377,0.500170860110559,-0.381203769815942,1.75031554829519,-1.25827462202754
"214",3.76606461061686,-4.82385759431834,2.54104319007289,1.87239248245827,2.57235492330188
"215",14.1229275205203,-5.17088139358428,2.14746135009656,1.94833074424135,0.654799323650907
"216",14.5146852659519,-1.54434159274075,1.41247487135166,-0.522643836957931,2.26850517675212
"217",2.09966390298443,3.40474882107293,0.561908411683374,1.14027591695469,-0.863185126735687
"218",17.6233336928515,-6.79076530306558,0.129361982353937,1.38957683751452,1.1586462732316
"219",9.00488095131501,0.100460208442439,0.466522892858162,0.710770634840105,1.92138031716303
"220",17.5102525260515,-0.472008361417633,0.716453369063467,-0.0168075547614536,6.32157786819862
"221",13.4149385223129,1.14054414254772,0.71127126403524,0.0300234824680289,6.79732140407648
"222",5.05504636401076,2.21794479413266,2.63960884525306,1.49010905857618,5.76461225033422
"223",6.330044699772,-7.26128516323237,0.953038364367375,2.31114967443816,-1.96413067421842
"224",3.38566306035112,-6.7485386915595,-0.749652258743433,-0.249606322556388,-0.287031714707531
"225",6.77895852866571,1.97856229893708,2.38814385802018,0.787368933487396,-0.645651438017041
"226",16.6245554510421,-3.29961659827371,0.194716212449988,0.450620428340307,2.79881190465072
"227",11.2250839296492,-6.83561046461697,0.670501952338842,1.16599942911554,-1.32522164144743
"228",10.350113749693,3.51440840227226,3.24437286461491,2.09574366531575,0.745395445690024
"229",15.0712088175942,0.673206145171683,3.83817407351924,-0.0515148966482014,1.94584070770895
"230",8.86913467938882,-1.50035251569386,3.2522591480285,-0.474447950440569,3.93896511819073
"231",12.3500253365878,-4.66894565887842,2.76208120408201,2.68787004034572,4.12532560204775
"232",10.0848408129564,-0.381220256581292,2.71396864294269,-0.276138302167901,1.43806326427577
"233",5.83758371174096,-5.1012543112854,0.030856876035225,-1.17219283335072,0.439716734292203
"234",5.7085547435287,-0.536482388457679,0.360180274742725,-0.852834515804268,0.489027872086186
"235",12.2975368664894,-5.87372310257198,1.16364104593996,2.63648468858563,0.971598270094997
"236",13.0685776858943,-1.88599401889016,-0.992074550661737,0.983160756616249,2.41109232216268
"237",5.19874808909161,-0.864927188741998,2.32751522680917,0.107645926103621,3.37391565339179
"238",0.121414464701509,-0.105385520803211,2.33101578980718,1.87791589550646,0.405203065660177
"239",13.3684655966469,-2.26532903193956,1.48743447322131,1.18948489925858,8.71854802095261
"240",16.6012821821387,1.79393438346858,2.54031652798753,0.802723894131889,2.10395128426991
"241",13.0642379261192,-6.50282944935192,2.16937975703721,1.40643922918757,4.34415646328835
"242",7.67279302162567,3.2832890153674,1.63030210915308,0.503519519490917,-2.95889074629576
"243",14.6626996403859,1.66933057667488,3.04888706907776,0.433377855408191,1.68848211177602
"244",14.0991505764808,-5.87565089798548,0.663152355602489,0.0461177162120581,4.07432893317499
"245",15.9211760659212,-0.313014994891589,2.95130993418967,2.53218999515183,0.409779821523034
"246",3.71355996774946,1.98527209441058,0.738541600328008,-0.164493265165586,2.24359958168297
"247",6.1719218060994,-6.36317074409258,-0.526958529530208,0.859048501126237,4.9622977512267
"248",-0.964556943809349,-3.61965449990539,2.69119094325279,0.435393405767435,-0.3361472476535
"249",12.0998737473961,-0.482410983136775,1.26327131164236,0.722255515181856,5.54495186684089
"250",10.7420392592233,-1.64705214665071,3.17917172958607,-0.0980467394233761,3.00237274050411
"251",14.1866751625258,-5.44423192856576,0.105060979583242,0.0565740874137132,3.88385413520923
"252",5.62752304121386,-6.7712911698526,0.255007619271724,-0.0118509246066404,5.37615246596312
"253",10.3697311181016,2.76719585567857,0.543030053044943,-1.05618877919371,3.18422736580625
"254",12.3120459013386,2.94801227126496,2.19641581901362,1.97786719912609,4.49134404080879
"255",6.34623830234312,0.516459001359943,1.57478967655579,1.81809925701857,5.33624488031064
"256",12.4686995036266,-2.12656125814432,0.943456490566645,1.14549590641083,0.954845557951273
"257",7.43357889400071,-2.94494419364086,0.752231558913802,-0.585453975337599,2.98899999229907
"258",10.6292728982866,-0.56234363976538,1.64688428414247,-0.942214541205431,5.59200137453971
"259",10.6372094542753,-1.16649066381129,2.56846302697794,-0.493408336325737,-1.59965147649014
"260",9.19105986864431,-3.92490238254393,0.941467395710914,0.830001440420052,5.93852599782358
"261",14.2661085429832,-2.7656745882787,2.11125093572303,-0.142722838812769,2.57031568210279
"262",3.73736333220837,-6.40782482560813,-0.666084136238471,1.41967874395727,3.31866638016749
"263",0.809297666194176,-4.42957195033134,1.1053203803728,-0.74137415743843,2.08978282621918
"264",8.32819480814696,-3.75038063731433,-0.249535114871826,2.52015254919639,-2.55360532807584
"265",17.2755161542557,-3.59702250356889,1.66153259656474,-1.3869026456993,5.02778901372993
"266",6.34238521248062,-6.32986225490288,0.321084139086261,2.66850583320028,6.19310991201032
"267",6.0451639522747,-5.76819410302028,2.09885286385503,-0.194458289491422,0.903969332992952
"268",11.3083014932005,-7.26828242640968,-0.514023217616127,-0.561793833132282,1.59033757501441
"269",15.14099921239,-4.83521620497206,0.211749663312838,1.06431946414064,4.13188882521386
"270",-0.837327052577333,-2.85278556876536,0.244679557366662,1.7472600123222,3.90007341534765
"271",16.3229268686845,3.4183394691158,2.22430513945423,0.168271685158101,3.02761709388616
"272",3.54052082644498,-4.55247234848082,1.53899440313862,0.435870497203364,3.63033478180508
"273",2.24740796558907,-1.57259239453115,1.09102403056129,1.47407783007561,6.61058836140438
"274",16.0524642893808,-7.00837109266073,1.19944881511104,2.5648156954498,0.13234283939133
"275",11.9667129149448,-2.43226734492112,1.40678196985713,1.11753392288454,-1.85246784117175
"276",-0.839242063337282,-4.30037803305214,0.0290700010088458,0.313041644342731,3.73744388871825
"277",5.40597745666208,-0.545523996960169,1.15380477609595,0.337353532004475,2.44292470394139
"278",13.0992767486564,0.752059692023348,1.82932145342642,2.47331564829182,3.55823297269993
"279",16.3048111461015,-4.58007270435657,0.641359544379606,1.00533531199745,6.22550532801912
"280",5.03467758730001,2.76091714216986,-2.23846739909274,-0.188053240974133,2.77693698275434
"281",14.943397200811,0.099805328463769,1.36712207921606,-0.247201072110436,7.67628217643255
"282",4.5212993150642,-1.42129355629236,2.06963822145637,1.36271414143886,0.914810968344524
"283",13.7357825666385,2.0943985418349,0.152341455360252,0.745115665213128,3.41793207569945
"284",17.0445420546347,-5.07269540118373,1.81405958881037,1.07681998803758,5.90174309824014
"285",8.74467266430034,-0.555120985780579,-0.527581275520693,0.234624718357266,1.68906613849046
"286",17.265792549589,3.76832767016415,1.42751261357049,0.44348523238381,-0.550007177057496
"287",5.22529777045377,3.35985754735839,1.72919221104392,-1.00075496854569,4.85355403840311
"288",15.4299720710774,-4.00809372928481,-0.454941168958412,1.71145381064298,2.22352819370549
"289",-0.286790639521498,3.74820183993133,3.44818773483095,1.71419924377501,3.38669198749822
"290",-0.458051960375253,3.91479373607575,0.294215994569351,-0.671751741297589,1.01110487974251
"291",-1.31674970831017,-6.73712015138959,2.68661997364769,1.6021014688652,1.39113974998836
"292",16.5957412837683,-6.96400373764802,1.06763855271603,1.64024305437178,2.52000118973475
"293",9.45657208045131,1.29349001610223,0.763560168505617,1.23421602990923,0.114799624166181
"294",3.6081080565216,1.41591855046274,2.98170133742181,-0.0671631048999213,0.652061779311248
"295",-0.779613549459535,-0.860086499757516,2.24695742351365,0.0679434017389312,3.3511296418505
"296",14.4732811255714,-6.57870481123697,4.93299511682204,1.11297936704847,0.861637341800089
"297",4.26355938522445,-5.44929697540742,0.276107772988119,0.709201494741162,-0.159312530522628
"298",3.11027989049867,-6.13566335310087,2.12192271063284,1.21168103281283,-3.11892871801825
"299",7.23120145059838,-6.91534216115836,1.99108643579563,0.336703309195835,2.16786844504037
"300",3.36808815284691,-2.95823164580024,1.54447473656673,-0.661796832244504,6.04679587225001
"301",8.86556890657926,-6.35092621428069,2.18214415503937,1.10202633201576,2.83487094789522
"302",16.5850153324605,-0.979112508961513,0.314991639604251,1.92331600381945,4.24361563697644
"303",1.56442788645216,-5.6821228514088,-0.942666692016231,0.460364569884595,2.18257778621049
"304",17.0726300231827,-5.11799010375837,3.35967606599756,0.793261147211301,5.08752241136245
"305",6.99921654624083,-2.34512002193105,3.27777761906427,0.891429939216345,1.27873146062147
"306",0.198845164013158,-1.2210052731499,3.32520934122984,2.36808677667826,4.5890249846539
"307",16.7737750729252,-5.16634658930813,1.99972343214012,2.38426978583521,5.77365864027535
"308",17.3878744788583,1.70395461875441,2.27951268102979,-0.354108036474379,4.61651149081754
"309",8.77987432743426,-5.56695865176059,2.42366956406276,1.70804012789065,0.0232383072795921
"310",11.6822256736638,0.418033890163533,1.48069947613818,0.0274737047639594,2.68949337645439
"311",3.56367070508968,-1.0627156927254,1.13383904806298,1.4716768310549,2.99972890830716
"312",4.23304559481874,0.307898323887517,0.447835342846727,-0.326844891312714,-1.36988028183119
"313",10.7725191949888,3.61022022279628,-0.0926103728194394,0.879014730587502,5.26707446684659
"314",13.9721883261006,-2.42940292379158,2.17695473879607,1.17524644908236,2.73535232717217
"315",-0.407329585136175,-5.09463397509056,2.45810283015137,0.142293932316037,2.5366605168479
"316",-0.213940537577186,2.20968000368368,-1.47685427327865,1.29514258827648,3.42863206172232
"317",0.74214653107057,3.85865334969636,-1.44793792622243,1.15325735538662,2.81563353221106
"318",7.65475005647066,-5.95224881517847,1.50228171782142,-0.192438122424246,3.02419472059628
"319",5.66416768215205,-5.37843330177852,3.54616268927949,-0.318209463483314,3.25329771467311
"320",3.37948511158152,3.0891771415997,1.30970512725496,1.12659669007816,0.780150198571911
"321",5.76881376836226,2.41482019633185,0.167097644268208,1.73371076867645,4.184066326297
"322",-0.336987900578105,-3.35629923625152,0.163126360027838,0.439812901880134,2.77849510184262
"323",1.62644548289172,-4.3806612856298,3.15527850062164,0.107243147900122,0.572056813431987
"324",14.5215440513456,-1.76863013711547,0.732298148239585,-0.723275648405167,0.36372937384996
"325",5.09179140254269,1.17750493373936,0.388795336886335,-0.717312820099121,1.05655053139971
"326",4.18818492015804,-2.66997007105271,-0.067609261740702,-0.725254548084661,3.26869867430702
"327",7.78558591872407,-7.15435114362705,0.816822916597074,2.00013583819163,0.610447035678345
"328",8.77592152552892,3.53663521136761,-1.52963518390659,2.20502386029867,1.49020462963661
"329",1.57877886620604,-3.11847691129642,1.85971931698273,0.33635137563361,3.95217744730887
"330",2.60644202058078,3.58245369071197,3.39809053939438,0.0678966504392737,2.04521492567351
"331",6.36351698953596,1.3251506078701,3.20310260878316,1.36597291799174,2.59047121682541
"332",6.53462770287004,0.499114735449143,-1.2707067112373,0.560714716955012,0.879791229278933
"333",3.10597139006398,-0.585294328868297,3.48523051843239,-1.76248204923063,3.35972992674677
"334",6.45387440989808,1.34875928894446,2.2661960625549,1.05810664662082,6.7566301323994
"335",15.5361185433022,1.50244590877141,2.16782175030539,1.41161067297545,4.10266161087199
"336",-0.719023848704451,-6.40373686038853,0.109634012763705,1.71973982305827,1.39340107177502
"337",0.822347675115819,-3.58731861884815,2.32422639375269,0.969676277042204,2.54198875429698
"338",14.4600328010198,0.649333231204399,-0.4138825538001,0.515884571036024,-0.87306385311254
"339",6.74861209280879,-6.41498524499426,-0.141014987978981,1.37718788652455,2.02932420235588
"340",2.26534222641022,-0.36252058902864,2.30030276720126,1.46007523433695,2.0392542998439
"341",8.30229331070861,-1.53491558216504,2.49157416468614,-0.3724079121192,0.560049666319062
"342",1.37097921377143,-4.30622126207252,-0.146185148888338,1.34582912500105,-0.556544848299159
"343",2.70784313618935,0.927298572857262,0.907183018596584,0.457570281634201,0.190113680482636
"344",15.1570266712555,-0.590209981658363,-1.61697398753925,0.351610448089356,4.31156283652752
"345",15.3321154183293,-3.29790754388585,0.802398396861922,0.210328589156908,3.89333883591514
"346",13.2812846229579,-6.36082015660045,0.997962556130495,0.782929413439091,5.34311153182951
"347",17.1138447779014,-6.59936448753369,-0.183945066153556,0.662522062792739,3.79434380399829
"348",11.9135198721353,-1.89419953691603,1.40461393715346,1.35300528399696,3.01457493318181
"349",11.1723339931087,-6.9591116271884,0.784399771667807,1.43623972204443,3.11812313618473
"350",-0.908945495556324,2.88404742301503,-0.506488788142148,1.45364100293735,-1.83370073259865
"351",14.4766506483069,-6.51082728917104,3.4154661135423,0.740066453055461,1.06749490047985
"352",12.7012239454453,1.21097378254977,1.51732268090788,0.780819569373344,1.3402719055456
"353",10.7396972081242,-6.19820452511079,0.103882422458288,-0.695203259006443,7.17875642008314
"354",5.93456924742564,2.19532289074568,2.30377768417959,1.46756574969964,5.11326934420412
"355",15.6969333371625,-5.39447579535532,2.82786954856839,0.71457390028362,0.90698642102057
"356",3.80451331436001,-1.29584234650778,0.333969564142111,1.6623771805361,-0.722293315406522
"357",9.76877546794991,2.96127051695164,2.11483974840507,0.657596015653827,0.210331400835459
"358",11.8216849159713,-5.19090094821264,1.42146774524718,-0.556633227920166,5.19902314714696
"359",13.9303163818122,3.01938108387579,0.369599072000935,1.56761912365334,0.14850272942221
"360",3.58795787706355,-2.02522115856422,2.41946680270666,-0.397808321938516,5.00927202797649
"361",15.6022050579437,-2.70579577076638,0.204846408308682,2.72978997330912,4.67886082156725
"362",14.3488771285665,3.45555989617726,2.34396361540333,-0.711426735576738,0.575305117737509
"363",12.5575782040535,1.47590226368409,2.5032218339631,3.17632632161205,4.74065567965166
"364",11.8851995418971,-6.25263393050544,3.01990350523284,2.73589658702439,-4.06679790402531
"365",10.4480309045338,-4.70468835985247,-0.533022709650134,-1.41532316415532,5.885337757251
"366",10.8047301957434,-4.31091488311486,2.93121639235623,2.08082792625588,3.71598957924152
"367",14.1970796394297,3.00325122583303,0.244474505826708,1.83389634868125,0.495049884528242
"368",12.5957233645552,-6.70102069881863,0.977919664364872,-0.605242928451642,4.78343664435015
"369",7.79546171123885,0.0821295958973121,-0.535330935133491,0.243589616200632,4.39620146758457
"370",-0.405190096521315,-2.14506361904722,1.01264471382127,1.65785615663862,2.19930993304023
"371",11.6724024326319,-4.29503923072481,2.77833324111216,1.81630140938191,1.68094039969993
"372",4.14477592178509,0.710815681721106,-0.725903925712425,0.258744127100965,2.1518533700416
"373",14.7543241235205,2.8268493980318,-0.857967407730119,2.05936949742093,-2.05733175573087
"374",14.5673570808513,-2.03218584832396,-0.115129467521308,1.58863079269841,2.61126892918372
"375",4.66701658204761,1.35808262741409,0.415937936705087,0.354499124854352,8.74762222444481
"376",16.5796833178878,-4.73001168323414,1.52472390376535,0.808889789524348,-3.48033742719928
"377",2.00604260595138,-1.6296443792658,-0.656224677667413,0.686966419771272,-1.7356668029639
"378",10.3443640031378,2.11850125964671,1.66408764685995,-0.0785230402395447,0.30228340602589
"379",5.99970444000006,-3.42494960227208,-0.504996193296722,-2.58631557918571,1.89074974697032
"380",5.83014983817517,-3.20940387829666,3.73304242840182,-0.557278320559753,0.986741694837644
"381",11.5662494610284,-7.21877857488345,-0.823276659947291,0.926187405328682,1.07538964540498
"382",3.80519951519734,-3.88855224896748,0.448746947331216,2.24065973625205,1.93793591084811
"383",16.1902249769474,-0.952816367177606,-1.75302518692828,-0.42850182366648,1.8247003889789
"384",7.5553119090236,-3.86255805984698,1.17768017914334,1.74720918224058,3.17690968878504
"385",13.4747068217997,-5.15025072137559,0.469803940636115,1.95418610402364,-0.0308843175838094
"386",2.76065266223858,0.536223582850891,0.381577745865922,0.544912805951271,-0.819835838270206
"387",8.81217190792548,-6.30451974966037,1.0954806083088,1.18965525348212,3.10963822369095
"388",4.47930245805993,2.8189316841414,1.20163996548025,1.65760861582763,-0.102311148885981
"389",-0.745472255501913,-4.05216639119834,-0.0465153031111711,1.57657830270472,5.44419987301546
"390",0.242089038103549,-4.53140266976495,0.38503025923941,2.01330987259149,-3.43501158022805
"391",7.63067458172421,-4.38691039840998,1.79912392138637,0.00661545867312274,0.16838634196602
"392",-0.267502415673912,-4.67859380896512,-0.566385295513457,1.8274674367722,1.20224021874723
"393",4.75531730519506,-4.70592395240102,0.814766670852551,-1.12230866139571,4.24448050525143
"394",16.1820237760534,-5.67278475462886,3.7501856283642,-1.71938691613834,2.30644866950548
"395",4.70572311525177,-5.286746159578,1.84594573761803,-0.17986336499349,3.84879175298893
"396",-1.17982307799375,0.583365347756304,-0.275071913194017,1.31073245731968,-1.61360967701755
"397",2.40853622092069,0.840903450585998,2.72461409506832,1.43286514573206,1.35098001966833
"398",-1.38080184620579,-0.965243437443817,-0.62171407784722,3.84264768787639,0.95147724167935
"399",14.5066569218205,-2.43356665972705,1.07167488443436,0.287173408870717,2.00107495085079
"400",-1.1723352417786,1.39565001275738,-0.392470351159727,-0.832777287988045,0.47154731353618
"401",5.60353070954631,1.28908228574033,1.97444105654909,0.841616827933838,3.61082727659093
"402",13.0890101520642,-6.95814377903812,1.92011801988112,0.901820772068913,2.10816742923847
"403",8.59678930131424,-2.74995006466594,0.528539572342363,0.474756836570317,1.99950360216888
"404",1.68231200059564,1.44048988339539,0.0439822523587921,1.14720964387852,-0.798529116807328
"405",9.89381170759438,0.0759317784303963,-0.834228041982622,0.854386656241176,2.14342794331714
"406",7.46329752104074,-3.85170481947195,0.411244444107756,0.0465582836661262,1.64871134066374
"407",1.95879866255662,-5.61049131196236,-0.819131805463357,1.75716747757636,-0.640524934602272
"408",6.08460365100443,-2.12397702938414,-2.9668161781581,-0.318736080841994,0.54974542930226
"409",15.0477636623835,-3.20723908255535,1.12759129967768,3.82480510559858,0.545940189822465
"410",-1.27598908654605,-5.40914294057309,1.35699813295622,-0.0338777881268213,2.87877825650927
"411",15.4203463132209,-5.84122431762967,-2.24519614829684,0.952576564827742,1.33212402180123
"412",6.42231400139873,-4.2941275035793,1.85721737718519,1.26744352201979,2.99545370718525
"413",13.4078678883364,-1.83223757930379,2.1680993825755,0.334506617447188,1.90272412399291
"414",1.61326317154974,1.9967964502198,3.26901273643894,0.777743692940094,0.289725389469759
"415",15.0972149772871,-5.59214857473594,2.14234618282451,0.554469643939654,-0.968095064485914
"416",9.49955985676446,3.64615293931539,0.227612824420604,0.642409019657456,0.683678499859613
"417",1.7278005419444,2.58114483432686,3.17227221062695,0.105762734080464,4.71846975729438
"418",0.909999315110348,0.0581441823400217,0.92977263843075,0.0222581180380451,3.91827622628291
"419",1.0965665525079,1.44483629120379,0.659232907704954,1.08170438721427,1.32542578607499
"420",6.28749586300293,2.42613962321174,2.84644263056102,1.4179662354435,1.34822998920073
"421",0.268274197807246,-7.00498724208922,-0.340179490514368,-0.642094025059385,1.35449191239336
"422",9.33632757894796,-7.00279890664584,2.09659624916627,-0.703634035536715,2.42312717949956
"423",-1.10023073876026,-3.56776945349191,0.629466072982179,-0.730285693420499,1.43495602042456
"424",0.768253542423358,3.50252022717308,1.40901540078289,3.39246617992241,-1.56367053896936
"425",8.69544399763209,-3.40990488349225,0.3310070564035,1.18624408984727,1.72670883315398
"426",9.8433675458265,1.24635803925516,0.962100286435913,0.593268678704012,0.330471288752879
"427",1.55798620981284,-4.82701822774624,0.455703646394086,1.85542032119568,5.51982372724727
"428",13.5251950814066,-4.62301895630574,-0.0313153812801374,1.7428273813998,3.3527275143497
"429",14.5474666762162,-7.26388977239114,0.0258622994968325,-0.113447244841902,2.25726477804112
"430",16.7831426273839,2.20904992502577,0.438369248437643,1.20232955301584,4.83016554571408
"431",5.63097396198962,3.5766523684591,1.39156860945871,1.29933048039217,3.1062015101729
"432",2.31259347047689,-2.80151974846067,0.0660425273095171,1.18040051058334,-2.99520205359886
"433",11.576030384873,-2.72072853402926,0.777708506239351,0.761348154582433,6.09206885419599
"434",1.52841957920081,-3.20552526030019,0.891516623784082,1.02440877648956,0.101372698892823
"435",12.4128053724667,-4.71565291967835,-1.32528003587664,0.984365795334073,3.25226362741125
"436",11.2440392072444,-4.53682336428717,2.28444032386878,1.57689336847283,6.60172381976735
"437",13.1352712514055,1.60279971428463,0.860134455217966,1.07194485736005,1.47679387589779
"438",-0.880339993950448,-3.08367358268744,1.83866511771298,0.966597833266754,6.62782824339991
"439",13.1940966513078,-6.17798115598294,0.306432534241886,0.972202942199173,1.68454849965536
"440",12.1107622187833,1.1245184574116,4.99666557475555,-1.632874019349,3.44638078541882
"441",8.50889578649782,-7.29675602480413,0.442286856912774,-0.550373658724628,3.22485368124905
"442",4.96978488387232,1.81566214352055,1.55282788413163,1.65517403976043,-0.0113649695361455
"443",11.7384280801471,-3.20497938417641,0.435934316799367,0.587513656765123,1.36403328353589
"444",14.3365800147911,-2.39117108593781,1.6722020425861,-0.100184749242916,1.62431048637686
"445",14.3834784984038,2.39389596122405,0.506101354264009,-0.24492742375282,-1.33823080578742
"446",13.3428631997241,-0.574377297898217,0.839677679325521,0.0764401017889365,3.7711744122595
"447",1.93219129698306,1.44888955928102,1.73334670102602,-0.11719743265923,6.7208081453896
"448",1.24312729638888,-4.23568233435137,2.27834945364044,-0.529582158166867,2.47790810773264
"449",6.99724321913813,2.57259179291913,2.26075646934428,2.89536534786208,5.11838833283662
"450",13.8263424248393,1.79987872597028,1.86062525166481,1.03506931083678,4.91355001118923
"451",9.25099567848692,-0.330549812535401,-0.624877378389104,1.65027164534839,4.03567583468087
"452",14.497206090734,-3.12384403696336,1.98058767514054,-0.124977760564646,-0.578115353419204
"453",2.54118809860351,-5.12777318133568,0.175056324740019,1.33284088121704,2.45072892373531
"454",0.813176174859508,0.0437239726972507,-0.138607975255181,0.872800976927959,4.53516907896816
"455",-1.22561462838845,-5.1213896325705,2.72733388512189,-0.769155259681897,1.96225569502249
"456",7.53577331219395,-6.02319374493618,1.65804143750733,0.823131169049912,1.27842237213667
"457",10.6234099200907,-3.15009486298091,-0.551747500409527,1.47506126986167,5.48456046551074
"458",16.0217536167697,-4.40080683128304,0.160159443983559,1.36303276097951,1.87995377031657
"459",-1.1466400194833,-5.97150520877565,0.490407053459327,2.08588557774104,2.69983413899594
"460",12.050354700954,-3.37289383256601,2.50219242212578,-0.247338110228098,4.68953772853087
"461",7.79044634550401,-3.87808959522563,0.357961510008829,1.66195326300283,0.646112543298438
"462",17.5025566963644,-0.0845035288945706,2.29958031077427,0.514831552594804,-1.38359112158359
"463",15.9259073331311,1.88336369606284,2.38209209685061,0.195695506569593,2.42445014404133
"464",3.62828217684157,3.50117595405943,1.56236494115879,0.503576638709482,-0.153645836712423
"465",12.7038800411792,-4.59718417270683,2.23312206651312,1.64611481537499,4.14280990347038
"466",3.59923125411947,-4.69555775992158,2.91457589122629,-0.985182602275918,0.716956011518932
"467",10.9728117668151,2.87921297641469,2.10307000718321,0.276405691113073,3.98089003378959
"468",4.8798455471714,-1.40430695402365,1.43605541970668,1.46805718993774,3.41928088733103
"469",1.55215553709011,-1.81714750270365,-0.29105038038926,0.419655903078024,2.65887403056026
"470",11.7280586998879,-4.50226823287189,1.22105704013167,2.29688354614651,-0.846109358076723
"471",14.4766688020509,2.52588732607892,0.563486197027474,0.0398106990324751,1.04459271829787
"472",5.33439610910935,2.86929648791758,0.439863227656664,1.88120709641266,-2.34433761086817
"473",5.01148034332043,-1.36749870567359,1.84155157198662,2.14156539220435,0.926545406701175
"474",15.6395441441365,-1.17612925187966,3.11019513111757,1.11720139062214,5.00177354860361
"475",15.971025846156,2.10883091295618,1.4952774330667,1.26863497254539,2.33605220308932
"476",9.70255974031885,1.6669848569282,-0.299519434554717,-0.53906257478946,4.46161631789416
"477",9.98652627453031,0.656854000429091,2.44494488351564,0.864376920358994,3.5674738056487
"478",17.2796276745491,2.32330045778974,-0.299018553610448,0.53687952044183,2.710943197667
"479",8.6858947632818,-1.20386472974557,3.72890129076708,1.52755127958729,2.72348617597204
"480",9.28871813008468,-2.02054485061003,1.69514617751319,-0.898324165577951,4.1224895513398
"481",13.1127241010987,-6.99798834669272,0.837327857541657,-1.02875458090283,4.53838600676886
"482",-0.465515561920949,-1.20046762429268,1.80165809518193,2.50525609877795,1.46241535591628
"483",8.94766149891101,-6.56331949483621,0.824275124249393,2.38365503692586,5.3167311967898
"484",3.27459402550571,-3.44556398120105,1.05607177043687,1.1274362876254,4.54001964871631
"485",14.497097689111,-1.58134461136132,1.52421383803893,-0.734983345519203,1.12533423562346
"486",7.8674098463293,-7.0145468186587,-0.207290211769281,0.192278324960356,0.141225588391214
"487",1.21505624403195,0.782606101014679,0.797755731885447,0.589725238860475,-0.234289401541141
"488",10.3089070613264,2.26037052323699,2.11669760104318,1.06403734922135,4.23992809049922
"489",10.5583123793962,-0.179273402197211,-0.560292640726752,2.57578095237215,1.73633660270897
"490",1.85505486371757,0.498197709505131,2.80957746089936,1.58672312128624,-1.02710986217533
"491",6.31395405002978,-3.6542393555827,2.74724066118252,1.75257285252883,4.48451715907933
"492",9.79255653419808,-2.42867258324497,-0.563440184617021,-0.320756059709676,2.77401348440841
"493",17.1546458516202,-1.31815021723239,1.39947181466508,2.22712627742007,3.01096918203436
"494",2.87804230721512,-1.50938248050719,0.721897999717104,-1.11155043983524,2.2893440148708
"495",14.3115624373018,2.00498930474806,1.6842949543866,1.17318875328908,6.16460841906094
"496",6.94964343921352,3.75446203130064,1.38732424720703,0.865372751415452,0.691626806118234
"497",16.1280079964868,-6.37729860251585,1.16973417880615,0.910818614899715,0.540292098608424
"498",3.46941323462844,2.68875539958349,2.02083593162219,0.142273781695535,1.9459848352648
"499",13.9160574528472,-2.56268022240914,1.08187567882827,1.05365154934636,2.44771607805179
"500",11.9962474804716,-1.26881054960852,-0.529500802497122,1.22082672158458,0.457370813597047
"501",16.6492344999359,-7.18122799798084,-0.609287908376368,1.15611527992832,0.208535643909218
"502",12.855246033896,1.62070546885051,0.0231924284240486,2.1445285228093,2.03019014132621
"503",13.7035330014201,-6.72153973354342,0.345623777438344,1.7726970397793,4.26146859935393
"504",12.1163285047952,-5.15723930041092,2.36206802161128,0.683504133793376,0.082081100439046
"505",14.1633567318441,0.742007950117468,-0.618241908619426,0.0429659660930424,1.18633391162923
"506",12.7388140011385,2.79781833502022,2.69411836329092,1.28320469521682,6.53726412718535
"507",14.5601374330384,-2.5365108601618,-1.34176037586957,2.76280736365644,3.81326643593651
"508",8.18492311490013,-4.91528776056178,1.52608730893547,3.27140667649501,2.46918806824235
"509",4.39377567862665,2.4181237264751,-0.659363513321447,1.35341620577312,4.05125711268851
"510",6.02065802724109,-1.45391012648132,2.5153213880725,0.184748135579527,3.86125780414186
"511",13.1152111106,-2.71643334268296,-1.60024985053272,0.542370540873622,-4.55825136667604
"512",13.4131036319756,3.34893299135849,1.77639290009262,0.900875719696661,2.76047758554043
"513",12.2712361647493,-6.26110655949187,4.02126338496713,0.510249156607891,0.277229234461944
"514",15.5954086754883,-0.896986068273812,3.14246977164222,1.09858932281847,2.96501551658242
"515",2.24951120458721,-3.50747938771197,2.2124554749303,0.660195440310748,1.88148373778165
"516",16.7902821414193,-4.7225939961416,-2.00703810636052,0.946696754076731,0.133705041728196
"517",8.0092649866429,-2.09982931383902,-1.02144661432548,0.258566034535102,1.35455097823467
"518",5.63013143774069,3.28575849202253,1.04850240969182,1.59923472372076,2.77028134092534
"519",7.26223155876722,1.63976093652932,1.58119129727424,-1.95848226159068,0.0840833843702176
"520",4.33705684308953,-3.31241149346922,2.41574548172504,0.261097229742994,1.44350347460328
"521",9.27964520225413,-0.97334624656639,-1.16378788815993,1.09570945921216,3.85352910203113
"522",5.84004388682137,-5.6905877293254,1.37493667186139,-0.61467263259707,-0.608587501767417
"523",9.54183456665796,-3.22164911776906,2.28435167332745,1.60558572239208,2.87290066316737
"524",9.01051291666437,1.13419742253482,3.19356943749898,1.25715282862168,-0.336082673869624
"525",12.1899211162348,-4.83077026070569,0.497057180783569,-0.340002623810021,2.34622234548677
"526",13.8324849653501,-4.98860512221356,-1.53845659877433,0.719429331865191,-0.599764109403592
"527",17.2969276093682,3.26943515686842,1.84097444695762,1.34900793483446,0.280507129759233
"528",4.30970892228591,-5.13755760201121,0.661274636203271,1.73548715423139,2.54667647121341
"529",11.2121992453334,2.08596663422009,0.862781244504861,1.47128872575413,5.23243316825984
"530",5.89108068508369,-1.61320017052762,0.250980010199217,2.29620932674897,2.72894039575659
"531",2.73170581415595,-7.09567869904872,2.17245606895822,0.865310455581742,6.56547725786429
"532",14.2677463107272,-2.70595244015242,-0.457299865207033,1.88210349493768,4.2753583022934
"533",3.64479217895931,-3.9955658372866,3.75752056720131,1.60447332794077,5.48777356168712
"534",-0.647899020179589,-3.51628419564294,1.64566583737478,0.283583727250677,3.87395273955409
"535",3.01449588070113,1.6891080056495,1.16083838028499,0.145412691313676,5.25516626359552
"536",9.97264558269347,-2.90993372301309,0.129394232920983,0.857959667881384,-0.354839543135864
"537",8.99524419348269,-1.47132852826044,1.17237511762825,-0.344071020307496,5.61356869087555
"538",16.6527396549104,-5.41949687695263,-0.216076183028743,0.19384182444105,1.69475486801462
"539",13.8098221706195,-3.67521712537695,2.7743549025507,0.0660921911730993,4.66334045279429
"540",7.83831711390559,-2.11510852022277,0.732853387733938,2.19411345770263,2.58998065819839
"541",17.728014808932,-2.15048632427423,0.149005713996405,0.757573414832361,-1.97115781778153
"542",-0.941838677327038,-5.90326371497417,0.693726798357666,-0.54380915891971,2.63198748809186
"543",14.1772300740411,0.730851534885925,2.46257053511912,0.441846578664959,0.19349654715718
"544",15.2979507844797,-1.52117784252468,-0.207236742290225,1.38091824059329,0.764078160584493
"545",7.88718981494674,-3.44812234940644,2.12309944581266,-0.654268404754817,0.159135481547351
"546",-0.49259811220367,-2.98680290136647,1.58955655699757,1.59985743278514,1.96258260172065
"547",0.822496105788811,2.33311545169155,0.869803398486559,0.204547022494037,6.18828741149824
"548",3.29529214264921,2.29763756185233,1.80699137584231,-0.71679257819241,1.22466865508115
"549",11.0998095857128,-6.53717435303936,2.3720516020058,-0.449465612961296,4.67336790743025
"550",14.4093263893231,-2.05651375718696,0.89443896480391,1.09814903576123,2.96667118762651
"551",17.4976890401386,-1.46841647314021,2.11340282784427,-0.129047412394144,2.74359874767638
"552",-0.177737155481904,-4.59905281134558,1.26735269105292,1.62452987844947,2.6436160074823
"553",7.51361090729711,3.29228198846936,2.66060278541724,1.85332739912905,5.77316251035051
"554",9.93088203112484,3.72068328951419,1.82145467862338,2.6636318758888,1.69624838245522
"555",11.6053831369592,2.88672729298546,0.735566094556098,1.79876860271503,3.72841914407102
"556",5.5467264605994,-6.55395311151387,3.64472152690457,1.72307984574268,2.48811221549634
"557",2.40680110049741,-1.66062383361601,0.59802028919604,1.21562546971181,-0.45448097116176
"558",-1.31647934306129,-2.72016679042207,0.805826580307519,0.338441174142282,2.3967706309076
"559",14.1203055287179,-0.585516016299248,0.53475494134471,0.833752848223814,6.14415269081831
"560",14.8134598865602,-4.79923771009308,2.45169121254073,1.09228036481935,3.63346030117239
"561",-0.179189125577189,-1.97576543253429,0.840866889803336,2.6008572473801,4.14151650176843
"562",-0.0804293975195833,-5.35307713162857,1.48718149992777,2.42621011270489,4.65719562582454
"563",15.7518264215571,-2.12732256880142,-0.89807626465305,-1.00682921971191,2.87901242381342
"564",6.99210803780291,-1.07081306374574,3.02740684365436,1.31371931177791,2.13016662978204
"565",15.3115250706775,-2.98029123785161,0.782046257993339,0.178986768424339,0.870054699860223
"566",13.9154872970803,-4.70805509972049,1.82716355147924,0.175606226180659,4.60568016941075
"567",11.8976343979837,-1.7664569778936,2.12116230256856,1.01160992542417,0.150706888520073
"568",4.3245678819014,1.41728637379195,2.6468807028987,2.17135763764805,-0.995683079643351
"569",9.86511192493331,0.278331761565883,0.946931486406595,0.229013816276069,2.49826656560771
"570",8.79803585728184,-0.251453362031801,1.67676596712542,2.25087752205552,2.92307402505549
"571",13.3536360355908,-7.11161308767395,1.50639186698145,0.95769572481045,3.26995672960284
"572",1.47525685198622,-0.216719162241963,0.0964096467638991,-0.416322836084071,3.2654750933235
"573",14.6502312368215,-0.654640085969364,1.25078375538201,-0.309913952871845,3.09432933863044
"574",14.4372591251086,-0.911128256582715,-0.808196457396086,2.03477273387706,0.936283806478909
"575",4.13281541795297,-1.24623410917674,2.67333217974593,0.590149155565542,6.61151307371715
"576",1.05287208895976,-0.965327868646326,1.87099586128917,0.557536268868801,5.29032819906496
"577",16.2370724894055,-1.0437556139331,2.2874545493778,-0.808837310716147,3.68318611407979
"578",13.6464357907544,2.3134116039987,2.72251899045491,-0.0642643605017572,4.35266960519276
"579",11.2663122751919,1.65781509425045,0.220071450574257,0.64944481804022,3.25721678921069
"580",5.74900044368709,-7.13940550659677,1.18681193925171,1.26592589613164,3.75092123642677
"581",1.42777692772665,-6.83747011422255,0.0641090382972533,0.0485954898629245,2.78119008653518
"582",1.69235478262561,-2.74822067456181,1.04714199860739,0.112768706512259,4.12009735569988
"583",0.94775302604847,-0.616500811501908,1.69999838084062,0.448831894622672,-0.28712427001971
"584",13.4306136881454,-6.63392995370875,1.69260104904922,1.30568328018273,-2.83998640723801
"585",11.3079361301841,-6.52823590552019,0.619428168715024,0.300459009575996,2.81628979390291
"586",1.56339437395493,0.126009997635849,0.738077042062852,0.654623916585989,5.05761549353493
"587",7.46549577116127,1.18616898970676,0.79612526071003,1.70686703449466,3.98661109653212
"588",-0.999643897361599,-1.61338210645632,-0.304241298743351,1.16967546415482,-1.94338660505352
"589",3.07883931985784,-0.9409353701631,2.68047200436761,0.383849746465034,2.40395820134113
"590",1.52184101496306,-4.10011911934145,2.46183278350618,1.37602685736766,0.402323512289628
"591",9.33486439074704,3.2020101090892,3.61586731741003,1.64356024372651,2.2523311634812
"592",17.2726610885023,-0.930158823062611,0.851733386554361,1.96704470716626,0.565652135192309
"593",5.53416717702452,-1.02289216256247,1.75016664838515,1.08380876095244,0.193531249500813
"594",5.64779249317352,-6.43545321570254,1.97533705659364,0.713862817113818,3.58777494569687
"595",0.50615525835331,-3.18644150607899,0.579813239158253,0.987428127861069,0.228879433917589
"596",13.2657660164734,-1.59058849676553,0.825359727536824,-0.681624942675887,5.4870480555525
"597",1.6211155516815,3.42756272968279,1.42062323175889,1.00689497042143,3.6627953320045
"598",7.4564944522383,1.85421350996312,1.49613920004914,-1.1652530450279,1.5023247373787
"599",2.34618127556741,-2.25132954847482,1.1801540579071,1.98064021539775,4.45368322537967
"600",10.7717098442808,-0.459194247564064,2.51614380102527,1.37015224369438,4.68324402819536
"601",9.72506496963334,3.76099689020081,1.80131132524983,-0.611805534296334,-2.18291345795135
"602",11.4288336189192,1.31392378380212,-0.717410604601919,1.07730033744262,3.75496695030814
"603",17.4410895794906,2.61403052880955,0.894378887410435,-0.060809761203371,-1.16869216528609
"604",10.7235934928502,-0.919890256214484,1.26046060688831,1.49818951048983,1.85425904341981
"605",12.9643226708591,-7.2784298962621,0.695149250428253,-0.0096210616903738,-0.586646803691379
"606",5.21669418679485,2.10564677925178,1.34711395561599,2.23548251170647,3.5808692697042
"607",12.7311602126378,-5.42295773620336,0.57222710060876,-0.7487355639277,7.93762131642083
"608",14.2704928413086,-2.94610581065181,-0.109925305924182,1.78235452192816,-0.22279108519701
"609",11.4484843033209,-5.43975679622531,2.13262955934312,-0.643179483924196,-0.369647698779732
"610",0.832603325151707,-2.21795565749787,2.32557545246919,-0.276081108499537,3.22189345429918
"611",17.7195663690029,-5.68897789336245,0.283219761750821,1.37469301609301,1.18782800509983
"612",11.398157428628,-7.10219915709721,1.73660250677572,-0.263823808925005,1.75129904502776
"613",5.46496471335107,-4.45229797142915,-0.563533633974849,2.35317025273339,-0.0163189421200665
"614",9.24317474021233,2.16114219198759,3.99800918078787,0.849740834246245,4.32960611512709
"615",4.78513965074422,-4.15693849838673,1.94453264539289,1.66996259994951,1.12006453437746
"616",14.5486851850689,1.44800805578827,0.119867535268062,0.36757899330732,1.05267387337362
"617",17.1695865743096,-5.53975766916652,-0.6170765144742,0.169960970911819,4.15749409506019
"618",10.4580584397337,-1.02925202180836,1.56855513259313,-0.503914024410314,5.74292650945003
"619",11.3490252376681,1.18802727781551,0.0629245316623164,0.464532993707098,1.14210786001228
"620",2.26579194780026,-5.04852683213301,0.643505209102753,2.99312101391872,5.32339152324787
"621",13.0044321928823,-0.0738249044314667,1.50666649122394,0.53696924779785,2.18886657212509
"622",10.3166150083482,-5.75273583351872,-2.22740123210253,1.66296580215387,3.50960914550635
"623",10.5714380793694,0.0162003022109216,1.69940402250695,2.40939128565626,4.32575826673505
"624",13.0769254967449,3.82251783060107,-1.0514073544494,0.965726086972508,-1.95471452042636
"625",3.63372776583048,-5.67456252255304,1.74443377747097,-0.235946928775523,0.79612034738051
"626",16.0671161592051,-3.68636197051375,3.52424797475107,0.272627263882445,7.06528918409067
"627",14.0539209329841,-4.28760687205825,1.40008268074934,0.409782278303231,2.11324616442706
"628",11.3313854432165,0.63763538968333,0.27545903593359,-0.280127389916979,2.53864474381655
"629",14.2044097232603,1.41205252236946,0.205935391921509,1.41341705953149,-1.51104687475607
"630",0.521329144026149,-1.84834924901042,2.02739372707061,1.7557776957772,3.27811887596165
"631",16.2517252940719,-3.69661399701517,0.276964704773042,0.236113607694815,0.676362093442457
"632",17.3114175200184,0.20209984521183,0.481631289911098,1.94264100825892,-1.05574439849679
"633",16.920761085397,3.52296583831843,1.73986043419552,2.38521569338442,1.26926018404588
"634",9.35798556528655,-6.94795051242723,1.01148285789223,1.35828102877044,4.84158389293012
"635",16.957564676208,1.26574507609614,0.718679899730681,0.228198595525007,1.07355510489868
"636",4.2412137468174,1.0790270842533,0.527203424750628,0.432803252164166,3.03197662940213
"637",12.0562007273459,-3.08966123550745,0.677235853444697,-0.652434402083925,2.890445256343
"638",-0.769716028542548,-6.60643178106183,-0.097724565019303,-1.78708227130174,1.32766152714209
"639",17.1148170048192,-1.25057886636736,-1.28158181392151,1.16458520503507,2.92305219476636
"640",16.1940314983166,-3.37382846071913,0.0754704947169342,0.0194368257676473,1.70050793109345
"641",10.0101722694448,2.86416599197796,1.80164315331349,0.6479857244226,4.446782211868
"642",13.8959989146283,-2.2386875456944,0.832804800706242,-0.807861935419232,4.56308336066387
"643",4.52700901921458,-1.67418802972033,0.231499977770634,1.87318500124665,5.48656293627008
"644",7.44694422962633,0.470379332777749,-0.456603471701425,0.127022975928376,0.366152233715921
"645",6.71046783598781,0.172180471223314,1.38707498771354,0.432554890168188,3.41513363221204
"646",11.1221579663234,1.33461765522211,-0.105712859531216,1.64679462438008,2.79146999729076
"647",16.0726155817462,-0.00571396450913397,1.82734360298213,0.382962701697296,3.93226360215369
"648",16.2847941237766,-7.11450425249137,4.24961880380531,1.92722379978891,1.05144721185052
"649",17.7251017384499,0.241077428502108,1.90048927267619,2.22239659748739,4.42391215953787
"650",7.81740346223027,0.0998761998937248,-0.324502386664189,1.5645309591083,-0.624074205530812
"651",15.9285679962365,-0.724280649189629,2.40709239515249,1.41508380243257,1.8065729131513
"652",15.913418634589,-4.48830519704545,-0.497422887712902,0.220251827474792,1.23010688228336
"653",1.61911642293586,1.09872811433107,2.60312865715169,0.506512048225948,2.92683089397328
"654",10.9583364931219,0.996681048318976,3.32358956102883,0.480431065225926,4.30420367661829
"655",14.359525381138,-6.81424411100921,2.32556229410692,1.89967730678039,3.33850908361371
"656",10.9685574872243,-7.1553532710085,0.605947659852553,1.00559196004872,3.58317350108597
"657",11.4858201932439,-1.2149271018172,2.80332371690887,1.66709735547348,3.9429467154864
"658",14.9704548887445,-0.603502708960892,1.89323166285216,2.51679736120744,0.746995685800921
"659",12.2258209194756,-1.67762727060912,2.03890011566143,0.279225472686163,1.15300977185518
"660",-0.985229321632723,-0.601642299755722,1.12562899677982,1.72239625187451,3.37349215072749
"661",17.3063242374173,3.47740497362561,-0.330456176690722,0.0768594367944289,6.04872864567075
"662",15.4025084746885,-1.91869818747022,1.72424780426699,1.26019998660226,2.90592926038006
"663",-0.518392222990404,-3.74788732920781,4.63676855342333,0.544016355645678,2.67986834556437
"664",2.60819430203469,3.75389131443051,2.3405526776892,-0.449788230356766,4.78774860905606
"665",2.51188358882305,1.45211785489634,-0.567569103739129,0.000172250195899948,-2.81334675048159
"666",0.400742071848004,1.97684411884069,3.18016923622276,2.89026604575404,2.99876251358634
"667",17.4995667284392,0.854602871186993,0.985810620619434,0.888937078194109,6.03613161663849
"668",15.34337039235,-4.75249937404777,0.170468460330137,0.0289177496264351,1.74379989962738
"669",16.3301118338542,-7.31585413256631,4.41515575940975,0.61004774003454,1.87191559936098
"670",11.1170236575075,1.79205152533583,0.608909515404419,-0.288410499059148,1.85561952465122
"671",-1.21244182127485,-3.09281663058942,0.408800274328268,-1.16083996638591,3.70157760575981
"672",2.37271097356601,-2.35710819871009,0.893263652363184,1.35994177559388,-1.00225349080939
"673",13.0439558938554,3.77736682376694,1.08337035018128,1.39406190622032,3.25420155571382
"674",2.02133080055926,-3.99543214775933,1.54606907672146,1.18587181274444,1.83855190901407
"675",-0.180392979666419,-5.38745316312883,4.8076153716224,1.6009462146284,5.39173140664797
"676",-1.1847986773248,2.92871280915972,2.5832702762048,0.201788427788095,0.51256504829241
"677",10.0409869988888,-4.92399921659475,1.26872645079465,0.772853134152204,4.04961968935952
"678",5.44690663491487,-5.53939908296576,3.29910064098455,1.37118855469622,5.12954215374169
"679",15.7997963277414,1.64262230349028,0.976504295395463,1.29563660107218,4.4707133869317
"680",14.4575805097747,-1.81963579850425,1.88044240884414,1.3094083856366,2.78048565487386
"681",1.75673250377893,0.487786251198409,1.46815871101466,1.03686607842853,2.91929880426743
"682",12.7520329983569,-1.1898749265759,0.946095001218207,2.35409589792712,3.74750947131368
"683",13.1290775438685,-1.2341949156919,3.36568413075212,-0.679487414916783,5.90996690183462
"684",13.161455645429,3.32085586977949,2.28775817988981,-0.0449416557251598,6.23829349353033
"685",2.72216061298174,-5.95446615470988,0.575879580302629,0.971413924883934,-1.03378641496031
"686",12.18905313757,-2.97672303850565,2.48673967356112,-0.0578035531217768,1.17399571193843
"687",14.4185977885906,2.88683567391611,-1.35149930827991,0.664250146916561,4.07339748608826
"688",6.27463770149404,-0.411312493357426,0.291119617088562,-0.692508841179627,-1.46759133589475
"689",5.97954148436616,3.55539323141308,0.306989662812315,-0.526034957848817,5.87674084086828
"690",16.2311581171502,-6.20775012399653,2.50968532826023,1.09146358233921,2.14807287518004
"691",5.2540400261092,0.919118828649902,2.41808624143595,2.70514572283384,0.464464477341126
"692",6.93426951067854,-1.00326577825724,0.425952318586345,0.847404169807539,0.881659116478933
"693",7.09570435861762,3.36330309634063,0.878958423254324,2.25413791401199,5.4481376613148
"694",2.78527854977634,-7.04665333480958,-2.26421997795801,2.07787222601287,-3.05605426482279
"695",0.91989061264969,2.28287637347465,1.51779314328864,0.0185381905160993,-1.21083727634073
"696",17.3581256029977,-4.13316021896312,0.0975185443041089,0.310155436602254,0.852824584401133
"697",4.61420949103957,0.62931753765491,3.99145639631435,-0.182151771493088,0.38683626409342
"698",11.7454536636359,-2.16577802593976,0.84427006626531,-1.1144667278042,5.26450593338117
"699",9.58185040859588,1.43853323371109,1.47624401373253,-0.178954628626377,0.532658173677967
"700",5.12115221207786,-5.54924407185194,-0.837917608638914,-0.33647421554754,-4.39224611965019
"701",13.094273166384,-0.00686967556758233,1.61473435793734,0.260667710369641,2.1443775768558
"702",10.3370101787686,-4.06603989152331,0.499802905574574,0.431802387609837,8.11542363562431
"703",10.8192678990848,-4.72192134836637,0.16504588642884,0.888334243121636,4.52856356070747
"704",12.5099967336799,-3.80807422611931,1.05475165460862,0.59977848147433,6.19983364575973
"705",2.43027312129042,-3.1823077835265,0.346004763962555,-0.246970877432423,3.06431167836882
"706",17.2024644469274,-3.53294306880136,0.250593295917398,-1.09985646176643,1.99965309865867
"707",-0.266059776193467,-1.37384587776652,-1.04820705163233,-0.538387661258591,2.1994731374901
"708",10.7703214790638,-5.49401464250499,-1.49815795792654,-0.278245063889015,1.1234090089371
"709",0.543503768645187,-0.590713062624808,0.54541735091052,1.00847143337795,1.18729838821401
"710",16.5590059987559,-0.412840550145484,-0.126230884796606,-0.769432294874327,2.33016306050576
"711",12.6053835958284,-2.04148519763986,-0.312658540405708,1.63564325229927,-0.615295749757801
"712",4.79898546406615,-7.04444065538222,0.296268871271483,1.63647683498349,2.28181727281452
"713",17.5425644541437,-2.94852780576184,1.85703578585379,-0.82663667848099,-2.89919026948221
"714",12.4904162737291,-6.53130425679761,1.73524249269163,1.99567252235644,3.12522615151576
"715",15.8092308480584,1.09584976808523,0.385078538141452,2.44449337639002,-0.930397825558829
"716",16.8525035378961,-4.99115581820029,0.498761842414327,1.2288400651899,-0.0111616381431472
"717",-0.559312195273981,-6.49183018975529,1.38881742047381,2.27361809561555,2.04889241487055
"718",-1.19214216055932,-0.605849816488132,3.05521533728512,1.79311746018993,2.35056381877963
"719",7.19957422314447,1.17599775411226,0.604418963563867,0.681679643482809,1.34628688764897
"720",7.01020662606498,-4.21843067650922,0.843822568824003,1.28486732851529,2.01671809964297
"721",-1.34950336266633,-2.81349530642443,2.53058764535,-0.574584555542232,2.2016780384746
"722",12.6113848460795,2.91955036124201,0.974191302456557,1.36060607015567,0.416915796713913
"723",10.73833901605,-5.47216840331609,2.9901247574511,1.23417210209961,3.30216811635623
"724",10.2707382137056,-5.26506950822487,3.28708895666248,0.665347312558561,2.46352975472194
"725",15.9700929493824,-1.69448471203598,-1.34104294594935,0.968210452327288,2.66794105863563
"726",17.188979108733,-6.94955546487449,2.11185717617615,2.24880477921284,0.386077295913584
"727",5.8439495771347,2.66462344638689,-0.837349885396894,1.51261118621565,0.189560449098403
"728",4.77732926283087,3.239417757736,1.16797633008417,3.13735935407527,1.85081796235513
"729",11.0216714067762,-4.90689096537215,2.85843653637719,0.393910551644693,6.79848567535994
"730",16.6174452554367,1.33405805636669,1.60554539212076,-1.03646436694912,-0.122170652018478
"731",12.6125415307055,-4.74163682923489,2.5952580074429,0.121552963420496,3.40861710993312
"732",-1.37868328024825,-2.05919964612989,1.19364376516023,3.25079759388174,5.08093505370011
"733",3.45431320593595,-1.34484960914708,-1.00297076277673,0.421494064705854,-4.33484475213796
"734",13.4758967289346,0.464407741940699,1.89627944819566,0.427721954035462,4.70340490623985
"735",9.88932169642999,-0.0618858992409068,0.831131560328726,0.928499357477132,2.86241572817766
"736",16.8071512074981,2.96937216696204,0.833932101691658,1.18260264180372,2.43675964868683
"737",4.52046359735635,-0.457919713051921,3.48539967633142,1.4456498275478,1.94232827806451
"738",17.496211633434,-2.66578719268198,1.55743800110946,0.743746624853605,2.18890419302173
"739",11.3446046095967,0.696390759406851,2.55847531437023,2.78168160645268,0.780840972906101
"740",8.5320652256013,-1.43821934591179,2.29003093061999,0.65928508370641,0.60887316855296
"741",-0.129134490269074,-3.96316839712237,0.833838126346324,0.149481765172114,4.24201216111954
"742",12.024841510229,-4.94534736609615,2.31481330956737,-0.856066022328265,-1.59676913648955
"743",2.80246893445202,-1.20433496920047,3.01207219598354,-0.252348842508174,1.74311857757757
"744",2.97836368906029,-5.31282071118074,1.96678627520884,0.93224071633339,0.442937831172745
"745",11.9832032631196,-6.70697560474849,1.13010378654188,0.398337650233257,7.03845367848823
"746",10.1704173215397,-3.32014571280616,1.96304096186606,0.710938214288548,2.49246985560809
"747",4.805564531338,-7.24678077996757,0.698672787213322,-0.903425357603577,2.75732830541387
"748",8.83293277968606,1.92756886210774,3.87244918208575,1.02334044005446,-0.363099252612794
"749",9.3792124024322,1.49058126286081,0.764296056487643,0.583276586213378,0.422031746337591
"750",17.2300543538436,2.52803086354528,0.0301945401044936,1.25656179324422,1.3878261246741
"751",6.98039899315039,-6.4584294473272,2.35422737267088,2.21887821966141,2.82159675821092
"752",11.2202482361212,1.46489313980632,2.38173113856439,1.10745131277741,2.2210116487687
"753",6.48352178416086,-2.26562062881622,-0.0752602851410604,0.926546662419496,-0.461962503116928
"754",14.1659973181018,3.81538215471151,0.789331443604747,-0.0829138817587638,5.07853439155503
"755",1.13975268896734,-5.59023008901703,0.732637507039753,1.16972651009492,-1.63782197117733
"756",3.73341528019141,3.64383659951397,2.01570057052678,0.877695710481806,2.66784429895197
"757",14.2780266405954,-5.8381611179619,0.431018045238533,1.77550771209965,-0.0707739219745291
"758",13.6491977684892,-1.40477127175582,1.29078643051992,0.688597688787906,1.95186018431175
"759",0.43561986114985,-5.44138730696455,-0.0869496074207743,-1.27323272382709,4.30397244068597
"760",11.4759726507682,0.206623218696971,1.55093280874267,1.4148698885022,5.07219931253172
"761",5.40081271205722,-6.9585286594751,1.9482046250424,1.88999033561244,5.10632815574106
"762",1.92518193523107,3.31432233295058,0.20983270643494,-1.07293237621184,5.80349813943843
"763",0.0120263561452822,2.37943323240303,2.34077770544868,1.73831749878967,-0.0881505047526696
"764",15.3853639685036,-5.04085197458384,0.0247504366307258,0.804299123955705,2.91766167574298
"765",0.72880451307879,2.37307828558492,-0.321240246368982,2.08937651771484,-0.46643633446958
"766",8.71306880789983,-3.98344050415727,0.281030602856507,1.23384906172112,0.729753238664281
"767",4.21479348321985,-0.343323304895499,1.98762103581846,-0.251191388311431,4.43690056008918
"768",17.5647995096293,-2.0107822690797,0.937234541551943,0.272132504107926,5.83171298720035
"769",1.4675621574646,-0.211191879338972,-0.154474247332591,2.14032814107422,1.9211842123719
"770",9.38201300695374,1.84499557447836,0.901263994018375,0.472436596000308,1.98893428241254
"771",1.16733465417706,-2.48867551775275,1.43546866896781,0.288449781989818,-0.488358534275507
"772",1.52168451348629,-0.0235296762977075,1.92399728461327,1.18186626598489,4.07891998871698
"773",11.822493189385,-5.31275616887121,0.922733719672753,1.50670149543185,1.41096951623294
"774",14.8954061315814,-4.1820187157318,3.06607568248374,1.18567482871451,2.51081566648768
"775",16.6267625376466,1.91595130421773,-0.892811828116039,0.923300623322346,3.63363774907124
"776",1.0431795299552,-6.43066663176129,1.38598728162193,-0.119471754716521,2.51793870149266
"777",15.7671815152489,-4.85574005224648,2.19315762218524,1.70690758662423,3.3820208693132
"778",14.2910252732643,-5.67049706145684,-0.280559574008189,-0.13047329090472,4.72482155471943
"779",12.0542876619479,-5.00602804742136,1.9938736345133,-0.633757318078421,3.24878932551337
"780",13.8249307419884,1.66520068891754,-1.12691244411689,1.68294040220121,2.46440119070173
"781",-0.219059652982566,-3.33867596862399,-0.758011166441771,-0.635728720290786,0.274770276315023
"782",8.06418718469259,-6.8746919553483,-1.86592189501134,-0.764999712854136,4.53265279104749
"783",11.7863439791657,-0.331387356501892,1.14654872307462,2.50117159851581,-0.434939287940814
"784",2.97777592264822,0.574848987912005,-1.27530984852026,0.0387043611139608,0.27133137289328
"785",1.81493009486433,0.843379529712276,-1.21959525389375,1.81215857545501,2.868669011578
"786",8.90345769330272,-2.27933774624772,1.69731589628747,0.856345160079762,6.13047236338465
"787",-0.921517346080481,2.03310212750764,0.7424411195723,-0.936681749458222,-3.62794205562814
"788",3.37985275383206,-3.87901965526774,0.494741620130887,1.02090130649058,3.02708436530451
"789",15.1012835037456,-5.23177844777171,3.54312374090535,-0.440006443829391,-2.70655849735462
"790",7.46459388443673,1.33379802098428,-0.955773999643317,0.766105989031614,6.1333810710244
"791",-0.832681528197862,-3.20811343950389,-1.24802883962442,0.754670828322916,2.39502722593316
"792",15.7063334998052,-1.41794230542213,2.72648185779268,0.743212426134879,0.341460234801885
"793",1.99724723720252,-2.90883675344656,-0.0055981262858027,0.524627791363993,3.37005082824553
"794",11.803110279384,-6.11032466951164,2.48708669442536,1.980623186408,1.7803933214322
"795",-0.00982999924286654,1.03682645420713,0.104639302748309,0.620478627893754,11.5400140435263
"796",2.07933283157314,0.84964091173423,0.0298695538573488,2.01163579592716,1.59425165405859
"797",-1.09466530300955,0.127445588287362,2.05343225285512,1.91096290712306,6.37877264056631
"798",15.6104396727665,-1.82637616720403,0.818095371017248,-0.641263032496365,1.88353095581257
"799",10.1675816426315,-6.35074741137174,-0.129876161544293,1.50077493066775,2.27123791582178
"800",-0.401750643142425,-4.67951753725842,2.54173880799543,0.151800031275367,6.88412610552868
"801",0.47816334260897,2.78831109722779,1.8354632294825,-0.19001266474375,5.03669634818338
"802",2.49802517293881,-2.03027072429319,3.45492528250816,-0.789637530948965,3.74596636699234
"803",10.3682713888166,-4.58752314096762,-0.660198920560426,-0.705096336285829,0.544160937432448
"804",0.392606955389768,3.6120713748743,1.59425746801106,0.725517176686139,2.68226372621627
"805",17.6275066767895,-5.028564518196,1.97995913344731,1.87223054702844,5.62114397806935
"806",13.0263531770234,-5.09801481091909,2.27973402939356,1.2969842059797,3.09703308794613
"807",10.7186555899153,-0.88638628183702,2.27979004351406,0.22369801682273,2.24695725095264
"808",6.29876933799469,3.24542806186825,1.6634665108004,0.516969572967416,-0.0504166842434461
"809",8.10058823248,2.34713467160369,1.39432400408573,1.09007990711518,0.983071601062379
"810",4.39409083171709,-4.20886324899176,-0.750842417855367,1.99102661444342,4.58326006253257
"811",-1.37849178006258,-0.145496108643876,3.74479490761835,0.14476394140022,5.05316004414519
"812",8.62345414187261,-2.22917598685796,0.102952099353029,-0.19601954206581,3.19515777505043
"813",6.07108524610817,0.937731575931503,0.280018629220492,0.88775327624965,-0.00263143783427644
"814",8.1208755176663,-6.15450985467052,1.8200727346627,0.594769768882573,0.374536587655728
"815",13.4282166015542,-1.74946611766181,-1.41091425069908,0.240239746850194,-0.24307041898455
"816",-1.22057636347292,-1.21083235276877,-0.40603252054624,1.8662677985841,4.64402203084982
"817",2.24053146716269,-6.4215707158309,-0.143665168723447,-0.623804642284266,-1.39120785493249
"818",8.08532304389192,-0.966092183532933,0.362875146725882,1.49821417041542,4.59858727976949
"819",8.17646319421931,-1.48842976961418,0.979431375723486,0.938649995399962,2.46206066076532
"820",9.68125927322595,-6.12770580097193,3.30487358820135,1.27055398070158,0.847289996074494
"821",2.15910241242392,-2.73153518650576,-0.403332822115125,1.35321674126705,0.975945130675545
"822",0.880207302962674,2.18339545564987,2.97742428664621,1.64227686824981,0.146105069564525
"823",12.8904242948151,-3.02750064128909,1.95090620497369,-0.398076656746608,4.72169608000698
"824",12.7582757183316,0.159745271401664,1.26449965899176,1.66456547265572,5.9043379992122
"825",2.42868115635951,2.54381303787547,2.32180401432487,-1.44646994705644,-0.423071644328965
"826",4.11008955699121,-5.36592493070118,2.29729583696938,-0.325343483805354,3.5799106858656
"827",15.0539355168727,-3.77401437203319,-0.284175642148601,1.85810488970077,-1.56478923442296
"828",-0.698546915210233,0.342517238012738,-0.309517921929384,0.052813246946357,-2.09078138350205
"829",1.18073323456968,2.22743064223153,3.71494369899693,1.23520771411405,0.814598765752454
"830",0.0439172580493548,-6.9982316629991,0.158734911018807,2.06593663640581,4.68902129427119
"831",3.97886909177995,-6.61860365215062,1.23325605554306,-0.507587849821353,2.36228361115594
"832",13.3621894449368,-7.04923964786897,3.20732573222812,1.37935123872296,-2.78652284506784
"833",11.5299608480402,0.380048154690748,2.7163634218134,2.47522466782151,-0.700642003869349
"834",14.7899040237825,-0.238257808280558,1.59619726022275,1.62286993819637,2.74667535731565
"835",12.9462911063266,-5.48625032304878,1.2901984085339,1.13165626741422,0.0295313474777399
"836",5.91972867303882,-2.63306519585279,0.537014140122539,2.18511707704622,5.69903318789441
"837",0.855033482191076,1.24754873657692,0.315683097955315,0.697163637759207,8.80728864484469
"838",2.52456620478539,-2.88609662061802,-0.240670235680664,0.275482340694627,2.93176711821918
"839",15.7631614136131,-5.65807143153863,0.429591031915369,1.35860099897075,0.628047939492378
"840",4.92741555459981,-0.429836895790203,-0.0189819587197293,0.547072403832561,0.196857980331719
"841",3.97317311645407,-0.451180146005687,2.16044384225432,0.275503018113198,3.57728433003238
"842",4.37583623610909,1.55891446845599,2.10353792227255,0.222534138322946,3.03525027388052
"843",0.180325856725385,2.28181811194657,5.1488704496805,0.292539379301631,0.596006547151105
"844",15.1198410994962,0.150420884211495,0.163665221815805,0.347918573771633,2.04826334337554
"845",12.1843350204729,-6.53445766745851,1.37925927689355,3.25250992805131,4.66543668262128
"846",3.357807542526,0.688927186191183,1.28736012585291,-0.563629868071223,0.125066894556891
"847",6.31223632212186,2.16655749834666,1.47009701931207,1.13096757602188,5.29908450150468
"848",5.98641437252124,-5.56828708104618,0.67098421576194,0.621505210222146,2.03851196938584
"849",14.3445023700826,0.805960463416323,3.25077983105849,1.7548493539307,1.31518619246478
"850",6.47181414622317,-4.7451439215539,1.61694098915377,1.57839129242383,-2.44009510346337
"851",7.17084790432164,-6.63006660392681,1.47670386904382,-1.55705348108978,-0.688060388179847
"852",10.3916138315864,-6.27505997284742,3.52578622400607,2.45675110617233,0.200276015463346
"853",14.3403458482694,0.437734967552005,-0.46552275283528,-0.120788600965835,0.326560970132922
"854",16.2211950415413,-1.6052257915594,3.39272678524878,-0.235828158679825,-0.956780724133449
"855",4.88394036495203,2.97899373369158,-2.56385143027592,1.08191116893122,2.06772713980657
"856",12.3651651895553,-0.074302051248698,3.60205280935232,0.445524820139069,3.62283175981511
"857",16.9394941243067,1.63630274507645,0.13390411659418,-0.107096954455021,0.791320472784502
"858",3.84690324577254,-1.53236938595165,0.939834308973234,-0.606100038554755,3.72981825293211
"859",8.90827014487458,3.14651160013085,3.70379802361052,2.15729595076858,0.998586736836599
"860",0.0236897404369221,-6.51495363913931,0.80672946715683,1.91292516503837,0.0148298439414001
"861",6.1905437635053,2.24352027829341,3.55532183668488,0.8583452756303,-4.51752496182259
"862",12.9122031339837,-1.37823884193299,2.22500420093029,0.729540427254324,2.02966040169391
"863",13.7609127169275,-5.71810532301503,-1.47260934845062,-0.0157536685801315,2.18785574695105
"864",5.45696477951728,0.0276446319695651,0.778300554123014,1.57558985239227,6.47224008943175
"865",0.55474177750697,2.19308824338287,-1.31561955053853,1.7253497695444,-1.67629421620613
"866",0.997173842840257,-0.091640760780515,0.971867517381703,-0.0684122128063408,3.23584141638938
"867",13.9596573059196,1.234337701713,2.35112715428834,1.03441078235778,2.68964241520519
"868",13.6651638438394,-3.79312673608658,4.58915276833733,-1.1101074862126,-0.768475462823797
"869",6.49089179020226,-2.648453939651,2.34787043592744,0.733898664334368,0.909003753229996
"870",3.76981020253702,-5.55377572208137,-0.756379482230874,-0.816388211334949,4.30807363630669
"871",11.0546103156822,2.2640012909849,-0.833644235252536,-0.658926596294742,5.53526140190153
"872",12.996019365987,-6.41634620038673,-0.0261851959903385,2.11366727378395,3.03082716654219
"873",14.3238300946467,-1.56443225798094,2.97340353165368,1.27147494811558,3.22968485021735
"874",12.4239876780921,-0.997107233928821,1.17064349668728,1.84336174420788,0.441499693578889
"875",4.32604808422918,2.42760101396548,0.755933345302115,-0.197550255738139,-1.25602792737319
"876",9.18906621985423,0.801696355200512,-1.7265327865425,1.49417731201941,3.1617628495071
"877",10.7616808489465,2.07492799109333,1.73173328086734,1.66508607941087,4.40531932352136
"878",7.85572899829624,-1.2561532943838,0.540068376519434,-0.351439411779088,4.00766946451911
"879",13.1972179111335,-1.55115820526341,1.48457497635631,1.29654001567569,0.405204676166646
"880",14.6105983819,3.64826078085792,1.62772134544033,1.78684199134409,-0.387981099254588
"881",0.757754775561027,-3.17890665929241,0.481446385569311,0.227924795897064,4.54729387553784
"882",5.68485415383352,1.9714216002281,-0.190527818707893,-1.14093507638943,0.902677453128174
"883",9.62391574056077,3.94329752395412,1.66295724576557,1.20854170693016,6.33260988671543
"884",3.68826815209383,-3.66558915067582,4.49064614887487,1.89336470344588,1.36071565723531
"885",15.4515832529864,1.43973126156312,0.132755286709496,2.08231092235591,5.01422996992947
"886",12.9638113656305,-3.43249014736975,0.909775523627536,2.25578377599459,-0.633154512187299
"887",14.8657389564719,-3.83270018188452,1.85355604404877,0.760007441566915,4.39208524142717
"888",8.96078953153794,3.62240078065542,2.15671728099194,1.27945882479998,-1.15025653570268
"889",3.96006229382569,-2.42789096841206,0.70945263597933,-0.180928662744575,-0.414506757141065
"890",0.0113514579945375,-0.648748279372644,1.64899653346515,-1.90474691142121,1.68970461571808
"891",5.33424210054495,-6.17441492265943,2.69933577972465,0.843471130828875,1.4191821749861
"892",14.2762382519769,3.64330535028188,2.16335166208029,0.361997516757769,3.98062418759301
"893",9.74192018669362,-2.16847271992981,-0.354698269402657,2.77322153516408,4.37300090627783
"894",2.52521376993274,0.809275087918929,0.64945939768915,0.350109951153459,2.03628590656103
"895",0.161732781489853,-1.30116302357992,1.4470593298269,-0.786088525056736,1.59684537291194
"896",12.0329572621001,-1.86053427247406,1.57696085626263,1.58046584154125,4.67573985563047
"897",4.13490248418217,-4.39313251517856,0.776191545560512,0.495907634185745,1.56293861793805
"898",17.1805958094942,-7.05137942939135,1.40244520135441,-0.313790611780504,-0.592753873869112
"899",12.2009915791278,-0.0928135378601285,4.91815382811755,0.284186935299733,0.53981127969469
"900",15.1416447609493,2.89287929266692,0.329238768575652,0.472319260585687,4.95977566235937
"901",12.1490101852102,3.86078014968809,3.51218639857449,1.69427406918251,1.00163569244776
"902",6.8443175847702,-7.13959483350831,0.60735722198314,2.83828719808226,2.13465733613303
"903",10.6012044634877,1.21902753047551,0.127043078334697,-0.770426116501461,3.495769091579
"904",1.18785795584121,-2.59210431644012,1.30717111813052,1.31864329047454,0.652817609341956
"905",1.19706433461244,2.09724338159101,-1.63287005145521,0.884303813990571,7.60906746615998
"906",-0.592748173098417,-4.2043186435154,-0.641287754623505,0.208228696899769,1.63845649543768
"907",10.9210079840001,-1.75494028116117,1.12903988875935,1.29771022000584,7.3070640063943
"908",4.75824295598132,-0.724524906453285,1.89571145857445,2.33840903832903,-0.959291806325792
"909",5.41953490234657,-2.84489907205244,1.24608549563848,0.362148912945886,-2.74253585110308
"910",11.605907659075,-0.385133500754075,0.682982924315725,1.90038579991194,3.37914362971412
"911",-0.787414050304395,-0.160362997012495,0.418141767109118,-0.767056725580864,1.81678979419977
"912",13.0149037068706,-4.28823149421532,2.61994785979532,1.13444969516904,3.29509036775407
"913",14.002992389441,1.02495928505915,0.618421338885151,0.806920522903097,3.34150163456901
"914",1.62769860761313,-4.6465254410094,0.355476192138079,0.38775731790846,-1.31678071309453
"915",13.5337625623526,2.20220845861491,2.14659500232676,1.15836789613006,2.61826508334309
