,Human_presence,Agricultural_landuse,Resistance,Speed_of_Recovery,Amplification
Adesmia_volckmannii,1.552061557,-1.640921997,-1.94364647,1.135733585,0.089720117
Senecio_filaginoides,1.552061557,-1.640921997,-1.166932384,0.661634186,0.354486999
Pinus_nigra,0.68335038,0.399952756,-0.528217307,0.066992186,7.021762496
Pinus_nigra_2,-0.318560295,-0.561593373,-0.525932138,0.088418274,6.792262818
Persoonia_glaucescens,0.527148829,-0.3748003,-2.247203298,0.108806697,5.723174874
Persoonia_bargoensis,8.632590331,-1.269160499,-1.173480235,0.139151867,6.734812724
Persoonia_bargoensis_2,8.632590331,-1.269160499,-1.032175036,0.076705344,7.991180197
Acacia_suaveolens,16.47731693,-5.922489333,-5.329121205,0.111694445,1.668587341
Encephalartos_villosus,2.298020048,3.761633713,-1.370722046,0.084832286,1.364138371
Encephalartos_cycadifolius,-0.159966625,-0.06957096,-0.563450689,0.039268244,2.31505158
Verticordia_staminosa,0.671231456,2.467535073,-0.083047429,0.219723145,1.33079665
Dypsis_decaryi,-0.269452265,0.095052477,-0.419315033,0.086210765,5.395051757
Dypsis_decaryi_2,-0.269452265,0.095052477,-0.429721497,0.128889067,5.289944954
Dypsis_decaryi_3,-0.269452265,0.095052477,-0.554041008,0.167569368,5.472798122
Euterpe_edulis,10.67756279,-4.587810418,-0.940833213,0.112117114,4.763065442
Geonoma_pohliana_weddelliana,8.28410777,-5.688799088,-1.689652714,0.311359228,0.96514034
Araucaria_muelleri,0.084716316,0.127719267,-4.164892534,0.005756507,0.72874861
Araucaria_muelleri_2,0.2807398,0.31934869,-4.375572785,0.01172363,1.240653404
Araucaria_muelleri_3,0.151695786,2.227291245,-4.351194899,0.005573156,3.585010934
Araucaria_muelleri_4,-0.608718417,-0.20146314,-3.71442377,0.009253216,1.572645968
Gardenia_actinocarpa,-0.730669548,-0.281548034,-0.071907766,0.312327879,5.384596873
Gardenia_actinocarpa_2,-0.730669548,-0.281548034,-0.102491513,0.136610989,3.985499806
Periandra_mediterranea,0.35530144,0.779514645,-1.819459572,0.319703427,1.432285187
Miconia_albicans,0.35530144,0.779514645,-0.218847452,0.117990625,9.001635248
Rourea_induta,0.35530144,0.779514645,-1.843902017,0.033824464,1.940824696
Rourea_induta_2,0.35530144,0.779514645,-1.554215904,0.157901392,1.122187213
Myrsine_guianensis,0.35530144,0.779514645,-0.73634313,0.069296052,3.415943672
Roupala_montana,0.35530144,0.779514645,-1.550780079,0.065848446,3.028849102
Swietenia_macrophylla,-0.878457032,-0.43625587,-0.427106099,0.044564383,3.720737549
Geonoma_schottiana,0.585575611,0.929328628,-1.154788571,0.148118376,5.246814269
Parkinsonia_aculeata,0.822872199,0.612004008,-0.076271638,0.311096745,8.625422472
Ptychosperma_macarthurii,9.411665032,-5.74126995,-1.556097488,0.099734383,0.344272593
Heliconia_metallica,-0.860494962,-0.630677075,-2.49576138,0.689539259,0.065528361
Heliconia_metallica_2,-0.860494962,-0.630677075,-1.034423399,0.792790349,0.302100937
Heliconia_metallica_3,-0.860494962,-0.630677075,-3.361871255,0.520861862,0.06577941
Heliconia_metallica_4,-0.860494962,-0.630677075,-1.537988753,0.394840653,0.049629247
Bertholletia_excelsa,-0.148684521,-0.020080696,-0.77178537,0.014786374,3.976564069
Bertholletia_excelsa_2,-0.148684521,-0.020080696,-1.216356116,0.014996306,2.494620022
Bertholletia_excelsa_3,-0.815934344,-0.387577253,-0.781258265,0.019129,2.859028069
Bertholletia_excelsa_4,-0.815934344,-0.387577253,-0.581995864,0.010650782,2.56030564
Himatanthus_drasticus,1.694083998,2.51547279,-0.133716939,0.238384865,2.167456772
Himatanthus_drasticus_2,1.694083998,2.51547279,-0.152305044,0.240541005,1.403080062
Himatanthus_drasticus_3,1.694083998,2.51547279,-0.142834488,0.302633122,1.779422708
Heteropsis_flexuosa,-0.628984763,-0.155668799,-1.808695249,0.061185136,3.416788986
Heteropsis_macrophylla,-0.628984763,-0.155668799,-2.217818336,0.022507359,5.234750943
Heteropsis_oblongifolia,-0.628984763,-0.155668799,-2.50308183,0.07258274,3.031699064
Heteropsis_flexuosa_2,-0.628984763,-0.155668799,-1.808695249,0.061185136,3.416788986
Heteropsis_macrophylla_2,-0.628984763,-0.155668799,-2.217818336,0.022507359,5.234750943
Heteropsis_oblongifolia_2,-0.628984763,-0.155668799,-2.50308183,0.07258274,3.031699064
Heliconia_acuminata,-0.500986051,-0.072394167,-2.093454343,0.674303839,0.149344347
Heliconia_acuminata_2,-0.500986051,-0.072394167,-1.196954377,0.499402805,0.259361016
Heliconia_acuminata_3,-0.500986051,-0.072394167,-1.928637591,0.635922188,0.163472496
Heliconia_acuminata_4,-0.500986051,-0.072394167,-1.449871677,0.510390874,0.142015098
Heliconia_acuminata_5,-0.500986051,-0.072394167,-1.550307043,0.685559719,0.168736347
Mauritia_flexuosa,1.009844159,0.779423806,-0.65696026,0.11865655,3.2183574
Machaerium_cuspidatum,-0.792736922,-0.321167666,-1.309795707,0.053865241,3.410310668
Machaerium_cuspidatum_2,-0.792736922,-0.321167666,-1.463333707,0.031536172,4.362388504
Machaerium_cuspidatum_3,-0.792736922,-0.321167666,-1.204940942,0.07564865,1.661005675
Geonoma_macrostachys,-0.792736922,-0.321167666,-1.458879941,0.128798706,3.074059896
Shorea_acuminata,-0.195410375,0.24433702,-3.187804831,0.038913859,1.815980085
Shorea_acuminata_2,-0.195410375,0.24433702,-3.060488487,0.040142921,2.395315206
Shorea_acuminata_3,-0.195410375,0.24433702,-2.929314817,0.028815072,3.457682814
Shorea_bracteolata,-0.195410375,0.24433702,-3.206076633,0.025292418,2.305428151
Shorea_bracteolata_2,-0.195410375,0.24433702,-3.048483278,0.037315023,3.472479483
Shorea_bracteolata_3,-0.195410375,0.24433702,-3.268306063,0.033162016,2.486111527
Shorea_leprosula,-0.195410375,0.24433702,-1.022106861,0.072356232,5.96171604
Shorea_leprosula_2,-0.195410375,0.24433702,-2.259050075,0.050084304,1.729786465
Shorea_leprosula_3,-0.195410375,0.24433702,-2.288810259,0.056126743,2.046474845
Shorea_leprosula_4,-0.195410375,0.24433702,-2.19273117,0.068362159,2.525027747
Shorea_maxwelliana,-0.195410375,0.24433702,-3.507379046,0.020870903,2.490040183
Shorea_maxwelliana_2,-0.195410375,0.24433702,-3.638577801,0.020724119,3.73621125
Shorea_maxwelliana_3,-0.195410375,0.24433702,-3.569727001,0.023936472,3.162704559
Shorea_ovalis,-0.195410375,0.24433702,-3.435494905,0.020332769,1.894587935
Shorea_ovalis_2,-0.195410375,0.24433702,-3.047851608,0.040482202,3.492681915
Shorea_ovalis_3,-0.195410375,0.24433702,-2.579383794,0.048143339,3.118399018
Scaphium_macropodum,-0.956489082,-0.486666533,-3.474336588,0.02598321,2.580148762
Scaphium_macropodum_2,-0.956489082,-0.486666533,-3.47331099,0.02367261,2.68747737
Scaphium_macropodum_3,-0.956489082,-0.486666533,-3.450923905,0.027943791,2.665797371
Scaphium_macropodum_4,-0.956489082,-0.486666533,-3.537512103,0.025779779,2.37474764
Entandrophragma_cylindricum,0.342571957,0.476415905,-4.467661254,0.057806722,0.138220921
Geonoma_orbignyana,-0.29269753,0.130486179,-1.884151086,0.062674454,3.359716445
Eremospatha_macrocarpa,-0.233490662,0.219562381,-2.347721893,0.095783852,0.697690624
Laccosperma_secundiflorum,-0.233490662,0.219562381,-2.247063209,0.175808245,2.115773009
Eremospatha_macrocarpa_2,-0.237735418,0.216800787,-2.053354439,0.135032137,0.985321693
Hyparrhenia_diplandra,0.986036196,0.224650458,-0.235702273,0.296619762,3.493653332
Hyparrhenia_diplandra_2,0.986036196,0.224650458,-0.372209461,0.378478287,3.360666125
Hyparrhenia_diplandra_3,0.986036196,0.224650458,-0.165327102,0.255682773,3.624046611
Borassus_aethiopum,0.986036196,0.224650458,-0.1334073,0.078138219,4.396599483
Borassus_aethiopum_2,0.986036196,0.224650458,-0.132968745,0.080841057,4.37037922
Borassus_aethiopum_3,0.986036196,0.224650458,-0.133644835,0.071297743,4.447519493
Prunus_africana,0.742912198,2.867950303,-0.102597215,0.009112787,2.556140946
Euterpe_oleracea,-0.69081692,-0.312736014,-0.711940534,0.325240733,1.238580753
Euterpe_oleracea_2,0.506464783,-0.213687131,-1.77340582,0.307963028,1.731886071
Juniperus_procera,-0.076682923,0.38054328,-1.740497031,0.037333246,1.50027265
Vriesea_sanguinolenta,0.179894232,0.252153178,-0.718900318,0.263548314,2.47439229
Khaya_senegalensis,-0.337233892,0.0931047,-1.980407938,0.119969933,1.891575408
Aspasia_principissa,1.386952003,0.653965773,-1.693070368,0.247333418,0.389084231
Vriesea_sanguinolenta_2,1.386952003,0.653965773,-1.047549221,0.172254679,3.385908547
Vriesea_sanguinolenta_3,1.386952003,0.653965773,-1.119019459,0.152200581,3.324900397
Khaya_senegalensis_2,1.477880837,1.273999476,-1.568570502,0.031748959,0.534014166
Vriesea_sanguinolenta_4,11.64926018,-4.811327618,-0.939000207,0.20678725,1.857869623
Khaya_senegalensis_3,0.506324116,0.641914772,-1.273132105,0.210405822,2.209343592
Euterpe_precatoria,1.402301402,1.118935578,-1.474326572,0.172985511,0.611522778
Euterpe_precatoria_2,1.402301402,1.118935578,-1.936545655,0.141868988,1.425843123
Calathea_micans,1.255235446,0.903119609,-0.94768945,1.277312652,0.20850054
Calathea_micans_2,1.255235446,0.903119609,-0.864401896,0.308082992,0.316037609
Khaya_senegalensis_4,-0.465232604,0.009830068,-0.423691052,6.10E-05,1.747745415
Avicennia_germinans,9.957539648,-5.514738535,-0.506537325,0.251384931,4.81809476
Rhizophora_mangle,9.957539648,-5.514738535,-0.323100899,0.154672555,4.590291628
Khaya_senegalensis_5,1.314128677,1.108500609,-0.593549766,0.000481048,0.5966801
Khaya_senegalensis_6,1.314128677,1.108500609,-0.832925911,0.004151728,2.692567838
Phyllanthus_emblica,0.923344674,3.044301211,-0.248889625,0.123181277,6.506957145
Phyllanthus_indofischeri,0.923344674,3.044301211,-0.874699037,0.128383375,6.137859236
Aquilaria_crassna,9.793646822,-4.824635498,-1.747641735,0.050575837,2.553161788
Guarianthe_aurantiaca,0.883414909,0.033872951,-2.028028251,0.325660888,0.244841065
Guarianthe_aurantiaca_2,0.883414909,0.033872951,-1.901914555,0.329091505,0.221079236
Guarianthe_aurantiaca_3,0.883414909,0.033872951,-1.844130265,0.220444616,0.276232152
Oncidium_poikilostalix,0.154022586,0.589601301,-1.265542656,0.924362754,0.376378882
Calamus_nambariensis,1.96942847,1.770520164,-1.099517337,0.069210377,1.949937909
Calamus_rhabdocladus,1.96942847,1.770520164,-1.085740733,0.077645903,1.581479772
Daemonorops_poilanei,1.96942847,1.770520164,-0.143838606,0.903923148,2.727115462
Dioon_merolae,-0.260998864,0.151109001,-0.754304651,0.097343893,1.450880661
Dioon_merolae_2,0.583594053,2.70533616,-1.205368198,0.01409622,1.481511535
Catopsis_compacta,-0.391160096,-0.051499372,-1.556600949,0.307887982,1.883756082
Tillandsia_macdougallii,-0.234838113,-0.464929621,-1.06407632,0.092581701,0.245690726
Tillandsia_violacea,-0.234838113,-0.464929621,-1.387693627,0.207785698,1.050896106
Bursera_glabrifolia,-0.034171406,-0.908473068,-0.19411894,0.239338666,4.038708381
Mammillaria_dixanthocentron,1.972460334,1.022759607,-0.824459174,0.624161217,1.733016322
Mammillaria_hernandezii,0.033671327,0.275448366,-0.881114708,0.12529487,2.116463002
Mammillaria_hernandezii_2,-0.303642965,0.055995194,-1.00329992,0.206467461,3.23677876
Echeveria_longissima,-0.303642965,0.055995194,-1.516962669,0.419405646,0.668489057
Mammillaria_huitzilopochtli,6.671311264,-0.814501052,-0.133503348,0.682984879,1.975388326
Mammillaria_huitzilopochtli_2,-0.144365387,0.09660792,-0.204330009,0.206721307,0.397068559
Chamaedorea_elegans,-0.402335456,0.050484155,-1.04786126,0.226985126,1.647544977
Mammillaria_solisioides,1.706788172,0.848829089,-0.318458252,0.102332836,6.282409875
Dioon_caputoi,-0.303642965,0.055995194,-0.983730925,0.051243176,0.68303117
Escontria_chiotilla,-0.359162534,0.078838153,-0.038319891,0.030916094,2.71713709
Escontria_chiotilla_2,1.326240094,3.129530541,-0.049997185,0.031901332,3.240426955
Prosopis_laevigata,-0.139890805,0.221494061,-1.156039894,0.180016354,0.198298829
Lepanthes_rubripetala,3.932578938,0.472150398,-1.476444457,0.249075441,0.214330703
Lepanthes_rubripetala_2,3.932578938,0.472150398,-1.582426241,0.185539427,0.206460343
Lepanthes_rubripetala_3,3.932578938,0.472150398,-1.614186562,0.449044801,0.221270272
Lepanthes_rubripetala_4,3.932578938,0.472150398,-1.545014744,0.289357964,0.161320013
Lepanthes_rubripetala_5,3.932578938,0.472150398,-1.889440211,0.214564985,0.243318025
Lepanthes_rubripetala_6,3.932578938,0.472150398,-1.774577307,0.281659935,0.167532598
Lepanthes_rubripetala_7,3.932578938,0.472150398,-0.83250501,0.097179482,0.252513935
Lepanthes_eltoroensis,2.918677141,1.416690675,-1.118665117,0.033941852,0.037527057
Lepanthes_eltoroensis_2,2.918677141,1.416690675,-1.129083955,0.028880798,0.035442785
Lepanthes_eltoroensis_3,2.918677141,1.416690675,-1.102325809,0.041881191,0.033158367
Lepanthes_eltoroensis_4,2.918677141,1.416690675,-1.127353608,0.029879736,0.045482557
Lepanthes_rubripetala_8,2.918677141,1.416690675,-1.182769989,0.16975932,0.206280575
Lepanthes_rubripetala_9,2.918677141,1.416690675,-1.178270091,0.171137891,0.07923637
Lepanthes_rubripetala_10,2.918677141,1.416690675,-1.151973206,0.184063105,0.235933211
Lepanthes_rubripetala_11,2.918677141,1.416690675,-1.154547883,0.182994066,0.278466697
Lepanthes_rubripetala_12,2.918677141,1.416690675,-1.251646834,0.140631292,0.18147855
Lepanthes_rubripetala_13,2.918677141,1.416690675,-1.149742436,0.184420534,0.14275297
Lepanthes_rubripetala_14,2.918677141,1.416690675,-1.220048803,0.153352328,0.329713282
Syzygium_jambos,4.096295865,0.63764635,-0.741891738,0.19774392,7.554722319
Lepanthes_rupestris,3.125098905,0.005591409,-1.387028719,0.249182816,0.42688293
Lepanthes_rupestris_2,3.125098905,0.005591409,-1.450547561,0.220748367,0.366934237
Lepanthes_rupestris_3,3.125098905,0.005591409,-1.423226825,0.250197659,0.587128079
Lepanthes_rupestris_4,3.125098905,0.005591409,-1.366000644,0.253314205,0.641047332
Lepanthes_rupestris_5,3.125098905,0.005591409,-1.489408192,0.904001759,0.312337577
Lepanthes_rupestris_6,3.125098905,0.005591409,-0.767931614,1.126155018,0.555382267
Lepanthes_rupestris_7,3.125098905,0.005591409,-1.181963049,1.225691474,0.611208874
Lepanthes_rupestris_8,3.125098905,0.005591409,-1.907569403,0.647365241,0.213728808
Lepanthes_rupestris_9,3.125098905,0.005591409,-1.95897377,0.526906496,0.146188111
Lepanthes_rupestris_10,3.125098905,0.005591409,-1.940627231,0.365031196,0.094842221
Lepanthes_rupestris_11,3.125098905,0.005591409,-0.852142337,0.807143898,0.292032932
Acacia_bilimekii,3.44117831,-0.024358128,-1.224766836,0.296919667,3.55355287
Neobuxbaumia_macrocephala,3.44117831,-0.024358128,-0.069927377,0.061745997,6.164530673
Neobuxbaumia_macrocephala_2,3.44117831,-0.024358128,-0.049021096,0.0549456,5.737539815
Neobuxbaumia_mezcalaensis,3.44117831,-0.024358128,-0.065794068,0.053082387,7.566009766
Neobuxbaumia_mezcalaensis_2,3.44117831,-0.024358128,-0.065550474,0.052470979,7.567226495
Neobuxbaumia_tetetzo,3.44117831,-0.024358128,-0.053138572,0.050672912,5.896745714
Neobuxbaumia_tetetzo_2,3.44117831,-0.024358128,-1.471234955,0.064263529,4.203056634
Neobuxbaumia_tetetzo_3,3.44117831,-0.024358128,-0.052522636,0.05331757,5.891662645
Neobuxbaumia_tetetzo_4,3.44117831,-0.024358128,-1.157234386,0.023861119,1.071612968
Aechmea_magdalenae,-0.328243939,0.107344987,-0.617692155,1.018971503,0.354677252
Aechmea_magdalenae_2,-0.328243939,0.107344987,-0.511892342,1.019421594,0.531313616
Aechmea_magdalenae_3,-0.328243939,0.107344987,-0.718166753,0.961491103,0.235809351
Lepanthes_rupestris_12,10.12356937,-4.493437709,-1.4213292,0.250751479,0.779735836
Lepanthes_rupestris_13,10.12356937,-4.493437709,-1.362817527,0.268612258,0.514214523
Lepanthes_rupestris_14,10.12356937,-4.493437709,-1.363546823,0.249465673,0.358089933
Pseudomitrocereus_fulviceps,1.477880837,1.273999476,-4.85E-05,0.013796734,13.37566151
Tolumnia_variegata,8.587522322,-5.499171943,-0.664693447,0.612778526,4.507998898
Cecropia_obtusifolia,-0.222827189,0.233533292,-0.000166872,0.273702771,13.22892726
Mammillaria_napina,0.100096382,0.444997229,-0.779999609,0.115668616,4.031426975
Stenocactus_crispatus,2.81555523,-0.651696638,-1.492581772,0.2417838,2.860256692
Zamia_inermis,-0.060323462,0.391186575,-0.742595634,0.065313236,0.018568722
Quercus_rugosa,9.869758234,-5.054396255,-0.946816565,0.056024749,1.220298527
Magnolia_macrophylla_dealbata,1.881620183,1.663001512,-0.042822787,0.304509021,7.167915038
Jacquiniella_leucomelana,8.339627339,-5.711642047,-1.482877628,0.941641528,0.36513374
Jacquiniella_leucomelana_2,8.339627339,-5.711642047,-1.212907425,0.578305058,0.770654538
Jacquiniella_leucomelana_3,8.339627339,-5.711642047,-1.186931201,0.737046212,0.158464194
Jacquiniella_leucomelana_4,8.339627339,-5.711642047,-1.252946351,0.850699388,0.368497908
Jacquiniella_teretifolia,8.339627339,-5.711642047,-1.427229767,0.39331282,1.247737229
Jacquiniella_teretifolia_2,8.339627339,-5.711642047,-1.241182516,0.429847525,1.447898354
Jacquiniella_teretifolia_3,8.339627339,-5.711642047,-2.261843278,0.294860404,1.91931035
Lycaste_aromatica,8.339627339,-5.711642047,-0.790181342,0.329049999,0.104823115
Lycaste_aromatica_2,8.339627339,-5.711642047,-0.908510896,0.289042319,0.131925353
Lycaste_aromatica_3,8.339627339,-5.711642047,-0.289890928,0.391911069,0.136268792
Lycaste_aromatica_4,8.339627339,-5.711642047,-1.495179631,0.316424065,0.054211352
Tillandsia_deppeana,0.361175646,0.6064461,-0.889574882,0.223573575,4.043537649
Tillandsia_juncea,0.361175646,0.6064461,-0.396542876,0.467076864,2.061035684
Tillandsia_multicaulis,0.361175646,0.6064461,-0.515635248,0.449900177,2.73336769
Tillandsia_punctulata,0.650730787,0.338659373,-0.483720435,0.331341649,1.742491153
Zea_diploperennis,-0.117490117,0.29503113,-0.774551222,0.567237013,4.982569135
Mammillaria_magnimamma,10.67756279,-4.587810418,-0.032218949,0.390468875,2.592349745
Mammillaria_magnimamma_2,10.67756279,-4.587810418,-0.058965642,0.340936702,3.02387519
Mammillaria_magnimamma_3,10.67756279,-4.587810418,-0.001568944,0.200306943,1.786258267
Tetramolopium_arenarium,0.178819798,0.310917038,-0.892475579,1.131645692,0.043614563
Clidemia_hirta,9.172814221,-5.123801537,-1.249167232,0.514214856,1.410676308
Sabal_yapa,0.178819798,0.310917038,-0.974951328,0.032092439,4.785194119
Sabal_yapa_2,0.178819798,0.310917038,-1.819065048,0.042816756,5.765839694
Manilkara_zapota,0.607908497,2.720888741,-0.873700798,0.060666224,7.793261016
Clidemia_hirta_2,-0.895106476,-0.446967306,-0.575362616,0.688373056,2.073843717
Argyroxiphium_sandwicense,-0.561775428,-0.11443271,-0.689578278,0.19637059,5.197488806
Neobuxbaumia_polylopha,-0.337233892,0.0931047,-0.051560443,0.05909186,7.479527266
Astrophytum_ornatum,0.023861354,0.386992928,-0.056810549,0.207472189,6.079264034
Tillandsia_brachycaulos,0.680025172,2.709109829,-0.507141042,0.762535935,0.825057178
Pterocereus_gaumeri,-0.387827781,0.060188841,-0.124693396,0.183114225,2.984139039
Pterocereus_gaumeri_2,-0.139890805,0.221494061,-0.130919358,0.078824397,0.844369517
Pinus_maximartinezii,-0.238690041,0.064509231,-0.036426601,0.083764031,7.910499465
Cyrtandra_dentata,0.167606388,0.578272632,-0.363991999,0.56183557,1.972616786
Cyrtandra_dentata_2,0.167606388,0.578272632,-0.217203121,0.670382954,2.798686809
Cyrtandra_dentata_3,0.167606388,0.578272632,-0.597733647,0.478146758,1.655875932
Cyrtandra_dentata_4,0.167606388,0.578272632,-0.368216251,0.786446094,1.267620069
Cyrtandra_dentata_5,0.167606388,0.578272632,-0.291617216,0.65157288,1.703303861
Cyrtandra_dentata_6,0.167606388,0.578272632,-0.356826861,0.54707158,2.101455002
Cyrtandra_dentata_7,0.167606388,0.578272632,-0.215653208,0.66138194,2.952732893
Cyrtandra_dentata_8,0.167606388,0.578272632,-0.57994466,0.464796571,1.775414606
Cyrtandra_dentata_9,0.167606388,0.578272632,-0.363781114,0.761494657,1.388220231
Cyrtandra_dentata_10,0.167606388,0.578272632,-0.28861904,0.638772454,1.819168188
Cyrtandra_dentata_11,0.167606388,0.578272632,-0.222144804,0.702793746,2.136414703
Cyrtandra_dentata_12,0.167606388,0.578272632,-0.681432264,0.540356497,1.11640476
Cyrtandra_dentata_13,0.167606388,0.578272632,-0.384241359,0.902154342,0.776270169
Cyrtandra_dentata_14,0.167606388,0.578272632,-0.304817801,0.720835976,1.113094918
Cyrtandra_dentata_15,0.167606388,0.578272632,-0.223315731,0.711600739,1.905592051
Cyrtandra_dentata_16,0.167606388,0.578272632,-0.702098799,0.555560667,0.999783675
Cyrtandra_dentata_17,0.167606388,0.578272632,-0.387118788,0.929861034,0.670065366
Cyrtandra_dentata_18,0.167606388,0.578272632,-0.307144083,0.736556722,0.98044173
Pseudophoenix_sargentii,-0.252298883,0.145028461,-0.042080615,0.193167912,6.915414114
Pseudophoenix_sargentii_2,-0.252298883,0.145028461,-0.03946857,0.217600378,7.512267273
Chamaedorea_radicalis,-0.553152697,-0.106333244,-0.27846297,0.345490562,1.555772807
Chamaedorea_radicalis_2,0.266763281,2.381282524,-0.413974135,0.368811771,1.524400447
Chamaedorea_radicalis_3,-0.553152697,-0.106333244,-0.234154365,0.323410949,2.000950315
Chamaedorea_radicalis_4,-0.553152697,-0.106333244,-0.195180701,0.303464587,0.705566048
Chamaedorea_radicalis_5,-0.553152697,-0.106333244,-0.171920035,0.147085729,2.071959359
Astrophytum_asterias,0.003785534,0.095927907,-0.014495646,0.531043184,6.055694298
Stenocereus_eruca,0.602937979,-0.201479503,-0.185579443,0.191254431,3.667915274
Astrophytum_asterias_2,-0.247483757,-0.177065525,-0.01452945,0.436581556,6.606623701
Chamaecrista_lineata_keyensis,9.981902959,-4.51690591,-0.20228516,0.86348704,2.053184034
Chamaecrista_lineata_keyensis_2,9.981902959,-4.51690591,-0.305134134,0.973054829,1.656699126
Chamaecrista_lineata_keyensis_3,9.981902959,-4.51690591,-0.327715855,0.746766244,2.189088344
Chamaecrista_lineata_keyensis_4,9.981902959,-4.51690591,-0.108210833,0.921703116,2.005783151
Chamaecrista_lineata_keyensis_5,9.981902959,-4.51690591,-0.095311668,0.975475497,2.231742582
Chamaecrista_lineata_keyensis_6,9.981902959,-4.51690591,-0.10282031,0.822226215,2.290239134
Astrophytum_asterias_3,-0.74284197,-0.330856773,-0.09113974,0.431892438,4.550907195
Astrophytum_asterias_4,-0.752255342,-0.3453876,-0.015597807,0.339639823,6.3872968
Pseudophoenix_sargentii_3,9.04678885,-6.107263538,-1.559002462,0.120300411,3.690811473
Hilaria_mutica,-0.444994436,-0.035966604,-0.468078314,1.175292034,1.358800377
Hilaria_mutica_2,-0.444994436,-0.035966604,-0.50904817,1.2384296,1.491316049
Hilaria_mutica_3,-0.444994436,-0.035966604,-0.390188391,0.824699674,1.116422084
Atriplex_canescens,1.226611546,1.001006044,-0.571966516,0.836223362,0.968925904
Opuntia_macrocentra,-0.804421988,-0.379326677,-0.105360449,0.010051326,8.462354654
Opuntia_microdasys,0.975342255,0.728012611,-0.107521845,0.036984156,10.14475923
Opuntia_microdasys_2,0.975342255,0.728012611,-0.105674236,0.04869034,10.03680807
Opuntia_microdasys_3,0.975342255,0.728012611,-0.105389457,0.06681717,10.11239127
Opuntia_microdasys_4,0.975342255,0.728012611,-0.108032839,0.039337975,10.2394144
Prosopis_glandulosa,-0.642429387,-0.324492804,-1.260539351,0.369182869,2.792550694
Astrophytum_capricorne,5.511622023,-1.466550286,-8.91E-05,0.439421764,6.138634863
Dioon_sonorense,-0.890366363,-0.485798024,-0.790828804,0.552755915,1.714950688
Eryngium_cuneifolium,-0.484454477,-0.17115914,-0.727362732,0.605758621,6.824230368
Eryngium_cuneifolium_2,-0.484454477,-0.17115914,-0.64930409,0.640873412,7.26694441
Eryngium_cuneifolium_3,-0.484454477,-0.17115914,-0.584902369,0.402500229,6.422164188
Eryngium_cuneifolium_4,-0.484454477,-0.17115914,-0.455720268,0.483987287,7.594924463
Eryngium_cuneifolium_5,-0.484454477,-0.17115914,-0.506151318,0.550601523,6.193837357
Eryngium_cuneifolium_6,-0.484454477,-0.17115914,-0.614589681,0.439914419,6.845129466
Eryngium_cuneifolium_7,-0.484454477,-0.17115914,-0.551420645,0.441470748,6.770699868
Eryngium_cuneifolium_8,-0.484454477,-0.17115914,-0.63855023,0.45876547,6.80035573
Dicerandra_frutescens,0.091302666,0.203422473,-0.123957183,0.799026423,4.86359956
Dicerandra_frutescens_2,0.091302666,0.203422473,-0.08966719,0.986264926,4.325256706
Dicerandra_frutescens_3,0.091302666,0.203422473,-0.734897385,0.591080952,4.263720614
Dicerandra_frutescens_4,0.091302666,0.203422473,-0.224205972,0.643784421,3.66077436
Dicerandra_frutescens_5,0.091302666,0.203422473,-0.361198916,0.996200589,3.437197665
Dicerandra_frutescens_6,0.091302666,0.203422473,-0.428660835,0.823328601,6.17733946
Dicerandra_frutescens_7,0.091302666,0.203422473,-0.124415541,0.63276159,3.288290356
Hypericum_cumulicola,5.099617039,-1.675633032,-0.660006674,0.918908162,6.72647817
Hypericum_cumulicola_2,5.099617039,-1.675633032,-0.565839599,1.579506709,7.005581973
Hypericum_cumulicola_3,5.099617039,-1.675633032,-0.559235977,0.511088699,6.363892112
Hypericum_cumulicola_4,5.099617039,-1.675633032,-0.635337596,0.894599528,6.198316921
Hypericum_cumulicola_5,5.099617039,-1.675633032,-0.851989986,0.902856932,6.393982216
Hypericum_cumulicola_6,5.099617039,-1.675633032,-0.196885346,0.30922112,5.487460428
Hypericum_cumulicola_7,5.099617039,-1.675633032,-0.53621708,0.829895948,6.780219991
Hypericum_cumulicola_8,5.099617039,-1.675633032,-0.667377873,0.949982947,6.691613047
Hypericum_cumulicola_9,5.099617039,-1.675633032,-0.474442541,0.723451363,6.307387037
Hypericum_cumulicola_10,5.099617039,-1.675633032,-0.670506887,0.627244082,6.310678942
Hypericum_cumulicola_11,5.099617039,-1.675633032,-0.632777198,1.454520267,6.612035242
Hypericum_cumulicola_12,5.099617039,-1.675633032,-0.506096264,0.908391943,6.403323491
Hypericum_cumulicola_13,5.099617039,-1.675633032,-0.885594511,0.802214595,6.426157502
Eriogonum_longifolium_gnaphalifolium,5.099617039,-1.675633032,-0.985139366,0.932636432,1.591323556
Eriogonum_longifolium_gnaphalifolium_2,5.099617039,-1.675633032,-1.025169756,0.872124704,0.599774189
Eriogonum_longifolium_gnaphalifolium_3,5.099617039,-1.675633032,-2.413471643,0.82491368,0.414381323
Eriogonum_longifolium_gnaphalifolium_4,5.099617039,-1.675633032,-0.634385215,0.453112372,0.714908064
Eriogonum_longifolium_gnaphalifolium_5,5.099617039,-1.675633032,-0.615555956,0.934948879,0.073883282
Eriogonum_longifolium_gnaphalifolium_6,5.099617039,-1.675633032,-1.152436758,0.535432472,0.662307193
Eriogonum_longifolium_gnaphalifolium_7,5.099617039,-1.675633032,-1.340975372,0.65939806,0.856764752
Eriogonum_longifolium_gnaphalifolium_8,5.099617039,-1.675633032,-1.125032219,0.938999817,0.52840502
Eriogonum_longifolium_gnaphalifolium_9,5.099617039,-1.675633032,-0.785401822,0.66089511,0.906489353
Eriogonum_longifolium_gnaphalifolium_10,5.099617039,-1.675633032,-0.979989999,0.673718464,0.249329024
Eriogonum_longifolium_gnaphalifolium_11,5.099617039,-1.675633032,-1.181902894,0.48082327,0.170404841
Eriogonum_longifolium_gnaphalifolium_12,5.099617039,-1.675633032,-0.983168392,0.572315754,0.035555414
Eriogonum_longifolium_gnaphalifolium_13,5.099617039,-1.675633032,-1.201158861,0.458614861,0.295054193
Lechea_cernua,5.099617039,-1.675633032,-1.161388253,0.747292298,7.866215055
Lechea_cernua_2,5.099617039,-1.675633032,-1.083290659,0.86478525,7.342817081
Lechea_deckertii,5.099617039,-1.675633032,-0.942003507,0.59923574,7.694233806
Lechea_deckertii_2,5.099617039,-1.675633032,-0.821442789,0.5756477,7.720237768
Lechea_deckertii_3,5.099617039,-1.675633032,-1.083959247,0.63983691,7.672607215
Polygonella_basiramia,5.099617039,-1.675633032,-0.27596399,1.13366822,5.149994616
Polygonella_basiramia_2,5.099617039,-1.675633032,-0.244597944,0.74023606,5.436239238
Lotus_arinagensis,11.00520778,-5.112414588,-0.044019631,1.181268793,2.050657289
Parolinia_glabriuscula,9.596370049,-5.252425916,-1.431563752,1.141332058,0.4165648
Helianthemum_juliae,0.833854968,0.972914701,-1.084452867,0.988187129,0.741509614
Helianthemum_teneriffae,2.385998869,-0.574465472,-0.819356617,1.211768493,0.839046532
Cheirolophus_metlesicsii,0.819296657,0.525744595,-2.153728853,0.798901571,0.019924857
Saussurea_medusa,-0.731472443,-0.281565147,-0.984376097,0.540023905,2.530019097
Pachycereus_pecten-aboriginum,-0.411235916,-0.342564392,-2.367200376,0.101026837,6.054399788
Pachycereus_pecten-aboriginum_2,-0.411235916,-0.342564392,-2.864146761,0.061436255,5.891575749
Pachycereus_pecten-aboriginum_3,-0.411235916,-0.342564392,-2.528571478,0.073058273,6.656269615
Nardostachys_jatamansi,-0.731942246,-0.281615281,-0.99682025,0.769358769,0.765690225
Atriplex_acanthocarpa,1.062859386,0.835507177,-0.607678156,1.168727851,1.602647083
Pityopsis_aspera_aspera,0.258071293,0.598330894,-0.242669173,0.935575306,0.943465288
Limonium_delicatulum,0.545072073,-0.30417621,-0.046637432,0.14482147,6.779970833
Aquilegia_chrysantha,-0.994560436,-0.604142434,-0.17529755,1.022899722,3.92993982
Opuntia_macrocentra_2,-0.804019026,-0.37065793,-0.106824547,0.138353487,8.39836377
Sapium_sebiferum,0.142256162,0.316519455,-0.389034925,0.077780927,4.577384237
Sapium_sebiferum_2,0.142256162,0.316519455,-0.720379006,0.189984996,4.650566198
Sapium_sebiferum_3,0.142256162,0.316519455,-0.449126081,0.117501614,5.368823857
Sapium_sebiferum_4,0.142256162,0.316519455,-0.215705101,0.081810565,5.635225621
Escobaria_robbinsorum,3.418692738,-1.010287007,-0.008669204,0.494164836,3.474489397
Escobaria_robbinsorum_2,3.418692738,-1.010287007,-0.015874081,0.389439794,3.434404694
Escobaria_robbinsorum_3,3.418692738,-1.010287007,-0.002741698,0.429130674,3.52153277
Escobaria_robbinsorum_4,3.418692738,-1.010287007,-0.006969848,0.588908731,3.482181952
Trillium_persistens,-0.238655288,0.216202329,-1.16E-05,0.280001041,1.340039907
Trillium_persistens_2,-0.387827781,0.060188841,-1.03E-05,0.461459738,1.215040926
Trillium_persistens_3,-0.401487577,0.05130192,-0.293145588,0.621684198,0.943167449
Trillium_persistens_4,-0.401487577,0.05130192,-1.072548816,0.483691426,1.253126276
Trillium_persistens_5,-0.258170161,0.144542741,-1.31E-05,0.015559941,2.640827259
Purshia_subintegra,9.237235168,-4.730462844,-0.04396004,0.187470516,11.43676881
Purshia_subintegra_2,9.237235168,-4.730462844,-0.081218884,0.693280376,3.189492529
Purshia_subintegra_3,9.237235168,-4.730462844,-0.060366167,0.784220236,12.70582874
Rhododendron_ponticum,4.325094282,0.212466952,-0.160433234,0.216365523,0.204729043
Fritillaria_biflora,0.422978632,2.423951194,-1.901355916,0.291814705,2.195758745
Fritillaria_biflora_2,0.422978632,2.423951194,-1.999017701,0.374960845,2.567867725
Plantago_coronopus,10.08455538,-5.036626488,-0.792462777,0.911020623,0.67616016
Rhododendron_ponticum_2,-0.565239737,-0.114196947,-0.022090792,0.105920845,0.640820596
Oxytropis_jabalambrensis,3.205036902,1.953087925,-0.376707765,1.11084087,1.926545236
Oxytropis_jabalambrensis_2,3.205036902,1.953087925,-0.244737467,0.838376787,2.670187515
Calocedrus_decurrens,0.015067638,0.145418171,-1.720230888,0.111243625,2.167394563
Pinus_lambertiana,-0.879084259,-0.43630776,-1.411723357,0.187918823,2.759675097
Rosmarinus_tomentosus,10.86394119,-4.291984576,-0.16248642,0.505719575,0.429226826
Rosmarinus_tomentosus_2,-0.334405894,0.093338655,-0.28563203,0.185860776,0.204349289
Sarcocapnos_enneaphylla,0.419506707,2.539619224,-1.884522054,0.827876416,0.082021532
Astragalus_tremolsianus,-0.404187242,0.049545546,-0.806201924,1.024955704,0.140910166
Acer_palmatum,0.997580595,1.138411373,-0.431919709,0.026729065,6.950446788
Acer_pictum,0.997580595,1.138411373,-0.550230459,0.149592165,8.817140194
Acer_rufinerve,0.997580595,1.138411373,-0.266814089,0.069065401,8.595920344
Laserpitium_longiradium,-0.568250105,-0.116155462,-0.717261572,2.290525486,0.314106604
Adenocarpus_aureus_gibbsianus,3.845949221,1.737000283,-0.43867698,0.689214237,0.34619235
Sarcocapnos_pulcherrima,1.431753234,2.226876293,-0.614845238,0.67676332,0.150921469
Sarcocapnos_enneaphylla_2,1.017339464,2.928563002,-1.178319242,1.721746991,0.169616872
Helenium_virginicum,-0.56416143,-0.113495412,-0.196687367,1.044229072,6.832393368
Mimulus_cardinalis,0.986624358,0.777502875,-0.229151741,1.478450656,11.26136343
Limonium_malacitanum,0.255054825,0.36892134,-0.340311346,0.600390431,0.453644375
Vella_pseudocytisus,1.233385707,-1.578651876,-0.434103376,0.247158621,0.043777296
Jurinea_fontqueri,-0.387827781,0.060188841,-2.143566193,1.819723432,0.013109448
Mimulus_cardinalis_2,-0.7153321,-0.270808893,-0.354153089,1.321290336,8.716024675
Mimulus_cardinalis_3,0.015067638,0.145418171,-0.38864063,0.962806166,7.665857636
Mimulus_cardinalis_4,0.015067638,0.145418171,-0.188722344,1.73347892,10.52910976
Mimulus_lewisii,0.015067638,0.145418171,-0.049332622,1.795010236,9.819708702
Sarcocapnos_pulcherrima_2,3.273544268,-1.045755679,-1.209311877,0.226872635,0.082186836
Mimulus_lewisii_2,0.899107227,0.67000831,-0.030601688,0.738096415,11.05160578
Sarcocapnos_baetica,-0.387827781,0.060188841,-0.482546561,0.341075013,0.257233662
Mimulus_lewisii_3,-0.148684521,-0.020080696,-0.028576586,1.214981428,11.34859731
Oenothera_deltoides,16.26163431,-6.09228431,-0.530694974,0.562047244,0.44223436
Oenothera_deltoides_2,16.26163431,-6.09228431,-0.542858131,0.532481932,0.434757461
Oenothera_deltoides_3,16.26163431,-6.09228431,-0.494813538,0.602008619,0.609875784
Oenothera_deltoides_4,16.26163431,-6.09228431,-0.490449779,0.611296784,0.621489457
Lupinus_tidestromii,-0.452112473,-0.106549543,-0.422629898,0.785788886,0.727424054
Lupinus_tidestromii_2,-0.516297473,-0.111844924,-0.704584421,0.453919827,0.943035511
Lupinus_tidestromii_3,-0.562616062,-0.115126182,-0.68038081,0.443807009,0.909329208
Anarrhinum_fruticosum,10.5138189,-4.753308602,-0.65726957,0.993239969,0.701677751
Antirrhinum_subbaeticum,0.342571957,0.476415905,-1.129466482,0.748395083,0.070606233
Cirsium_perplexans,-0.568064489,-0.116034702,-0.29709937,0.646280102,3.52623236
Cirsium_perplexans_2,-0.568064489,-0.116034702,-0.303947361,0.462682064,2.488976956
Cerastium_pumilum,8.94796945,-5.801518591,-0.435710329,1.420187557,3.621454592
Thlaspi_perfoliatum,8.94796945,-5.801518591,-0.410791063,1.04458694,2.225911209
Veronica_arvensis,8.94796945,-5.801518591,-0.533619683,2.94118823,5.328673585
Iris_germanica,8.94796945,-5.801518591,-3.163601044,0.032832537,0.102130684
Kummerowia_striata,10.1447078,-4.199533457,-1.44185046,0.589194596,0.296428191
Tsuga_canadensis,0.506324116,0.641914772,-2.354251361,0.024634455,3.914903526
Tsuga_canadensis_2,0.506324116,0.641914772,-1.101037483,0.563136063,0.587214962
Phyllanthus_emblica_2,-0.301480444,0.175328935,-0.26978077,0.143796323,6.681816187
Antirrhinum_subbaeticum_2,14.96257327,-7.055366748,-2.205259057,0.823299357,0.184291104
Echinacea_angustifolia,-0.981181057,-0.553287704,-0.951948873,0.409705172,0.50088719
Sporobolus_heterolepis,-0.297482517,-0.003739342,-0.768887692,0.739670498,1.02068272
Verbascum_fontqueri,10.18630632,-5.084307019,-1.262944592,0.091620115,0.748686656
Verbascum_fontqueri_2,10.18630632,-5.084307019,-1.946641811,0.078431655,0.514448511
Verbascum_fontqueri_3,9.233436254,-5.586354665,-1.620763213,0.063029508,0.635556486
Eupatorium_perfoliatum,15.5414705,-6.163610523,-0.040030728,2.890131339,0.345752864
Boltonia_decurrens,4.854861709,-1.785432583,-2.298995934,0.793079427,0.689260121
Cornus_florida,9.895566825,-4.816203846,-0.000273659,3.330482222,2.844201896
Echinacea_angustifolia_2,-0.983242554,-0.554628893,-0.572104546,0.437541531,0.059321069
Dicentra_canadensis,9.025249826,-1.52883202,-0.589828606,0.525576044,1.149031912
Eupatorium_resinosum,-0.731942246,-0.281615281,-1.447761992,1.515361254,0.888118697
Arenaria_grandiflora_bolosii,2.138686933,3.596500425,-3.135245735,0.169057832,0.075424119
Euphorbia_fontqueriana,2.138686933,3.596500425,-2.148439342,0.987408144,0.05149673
Daphne_rodriguezii,10.86394119,-4.291984576,-1.290892426,0.117786487,0.324463774
Daphne_rodriguezii_2,1.532925552,3.111008589,-0.990722536,0.195232047,0.384288824
Vella_pseudocytisus_2,14.96257327,-7.055366748,-3.618568848,0.376526745,0.139296157
Daphne_rodriguezii_3,3.224238277,1.458810292,-0.864158761,0.189500099,0.313869537
Alliaria_petiolata,3.518444902,1.406002549,-0.051969196,0.409041358,3.726219071
Minuartia_obtusiloba,-0.56600474,-0.114694651,-1.74475002,0.010263573,2.156577704
Paronychia_pulvinata,-0.567431909,-0.115623151,-0.949595601,0.011638442,1.336590503
Alliaria_petiolata_2,7.946967845,-5.451970526,-0.07906543,0.311152717,3.795079882
Eupatorium_perfoliatum_2,1.495460045,-0.657163673,-0.516870352,1.224347754,0.43272299
Dicentra_canadensis_2,9.869758234,-5.054396255,-0.435689355,0.736474274,0.870993627
Vella_pseudocytisus_3,7.554364011,1.926143619,-1.852805957,0.287379154,0.648617576
Vella_pseudocytisus_4,7.554364011,1.926143619,-0.061828084,0.261132361,1.502926925
Vitaliana_primuliflora,0.506324116,0.641914772,-3.254918412,0.69573967,0.057266894
Pseudomisopates_rivas-martinezii,-0.565239737,-0.114196947,-3.337963631,2.42224035,0.032363087
Dicentra_canadensis_3,1.893864447,-1.031024445,-0.614355458,0.696234376,0.68167655
Limonium_erectum,0.342571957,0.476415905,-1.190364348,0.878242087,0.979940028
Panax_quinquefolius,8.822090102,-5.456720202,-0.078704533,1.100279131,2.342475308
Vella_pseudocytisus_5,0.361175646,0.6064461,-1.902566161,0.626113329,0.269875273
Vella_pseudocytisus_6,0.361175646,0.6064461,-0.062918973,0.236559315,1.681744069
Erodium_paularense,4.097342128,2.297758774,-1.504138219,0.445498189,0.225913069
Cryptantha_flava,-1.155459968,-0.769391323,-1.513305736,0.752422212,1.069687257
Pseudomisopates_rivas-martinezii_2,-0.7153321,-0.270808893,-3.443211454,1.49392525,0.072161234
Cryptantha_flava_2,-0.991707809,-0.603892456,-0.739431597,0.89947667,1.475835674
Alliaria_petiolata_3,9.157589857,-5.125061021,-0.167231946,0.620526487,4.313428323
Alliaria_petiolata_4,10.00932944,-4.654840521,-0.048252431,0.01184555,4.133010819
Eupatorium_perfoliatum_3,8.086357586,-5.876416716,-0.303540675,1.691077972,0.338498176
Erodium_paularense_2,1.909451669,-1.130403804,-0.729438394,0.363519571,0.339143358
Centaurea_horrida,3.969050182,2.635399125,-1.168727168,0.234554287,0.307605617
Helianthemum_polygonoides,1.143142446,2.495277407,-0.759183582,0.512627568,5.744444653
Asclepias_meadii,0.538673701,2.617148031,-2.057378295,1.010200815,0.462293864
Centaurea_horrida_2,1.578496226,1.18646944,-1.303046929,0.297051852,0.22160365
Gaura_neomexicana_coloradensis,15.77037783,-6.588780911,-1.109366775,0.393422878,0.838473569
Gaura_neomexicana_coloradensis_2,15.77037783,-6.588780911,-0.699890029,0.411061598,2.043513079
Gaura_neomexicana_coloradensis_3,15.77037783,-6.588780911,-0.779691775,0.302753109,1.6102745
Gaura_neomexicana_coloradensis_4,15.77037783,-6.588780911,-0.423461022,0.760871956,2.254202062
Gaura_neomexicana_coloradensis_5,15.77037783,-6.588780911,-0.688179182,0.424794396,1.956014047
Gaura_neomexicana_coloradensis_6,15.77037783,-6.588780911,-0.535885428,0.403063705,2.042866704
Gaura_neomexicana_coloradensis_7,15.77037783,-6.588780911,-1.894749347,0.589862459,0.132832838
Gaura_neomexicana_coloradensis_8,15.77037783,-6.588780911,-0.651259739,0.563520375,2.067276957
Gaura_neomexicana_coloradensis_9,15.77037783,-6.588780911,-0.739059382,0.499112461,2.356350051
Antirrhinum_molle_lopesianum,0.946015135,0.386134082,-0.46230802,0.625553923,0.408322585
Kosteletzkya_pentacarpos,9.489489053,-5.00929861,-0.329429509,0.872882833,0.941165143
Trillium_grandiflorum,1.47876849,1.27407291,-0.399631475,0.26762858,2.3137363
Trillium_grandiflorum_2,-0.389400537,0.059165623,-0.264497652,0.274269429,2.145739618
Trillium_grandiflorum_3,0.753835141,0.346774579,-0.297327938,0.297202625,2.31737741
Liatris_scariosa,15.12632543,-6.889867881,-0.35273346,1.273396906,2.241286711
Liatris_scariosa_2,15.12632543,-6.889867881,-0.371929068,0.589112854,2.596479462
Liatris_scariosa_3,15.12632543,-6.889867881,-0.455469254,1.159973889,2.053026674
Liatris_scariosa_4,15.12632543,-6.889867881,-0.279534381,0.689860908,1.779870678
Trillium_grandiflorum_4,1.477880837,1.273999476,-0.216901625,0.288956767,2.647669172
Dioscorea_chouardii,0.913929634,3.038175883,-0.752957369,0.190303521,0.645236307
Trillium_grandiflorum_5,3.418692738,-1.010287007,-0.430758084,0.390768156,1.950564958
Cirsium_pitcheri,16.09795477,-6.257777169,-0.6651285,0.46761365,1.352094097
Cirsium_pitcheri_2,16.09795477,-6.257777169,-0.518998785,0.432483372,1.705268534
Cirsium_pitcheri_3,9.543956471,-5.38525314,-0.896553554,0.541956255,1.327192669
Cirsium_pitcheri_4,10.13807313,-1.717177328,-1.009206097,0.412959066,1.217442732
Trillium_grandiflorum_6,4.390249458,-0.378202303,-0.269479019,0.317333207,2.724205996
Trillium_grandiflorum_7,4.390249458,-0.378202303,-0.26587888,0.310178003,2.712459077
Trillium_grandiflorum_8,1.84805476,0.028399077,-0.315032932,0.27611601,2.995912843
Brassica_insularis,2.563442884,0.335387518,-0.969875848,1.827137001,0.1349377
Trillium_grandiflorum_9,0.298241493,0.050370088,-0.218944162,0.318152463,2.439901836
Trillium_grandiflorum_10,-0.173481733,0.258603567,-0.336135601,0.1844424,2.472887205
Trillium_grandiflorum_11,1.870540331,1.014327956,-0.352799252,0.38111454,2.300838506
Trillium_grandiflorum_12,2.862281084,-0.916114353,-0.260603213,0.315472706,1.967238376
Asclepias_meadii_2,16.26163431,-6.09228431,-1.644507281,0.714906863,0.423932988
Trillium_grandiflorum_13,0.323226468,0.007661639,-0.068461558,0.215674692,1.962330323
Alliaria_petiolata_5,0.813563349,-0.703593697,-0.075904838,0.871179419,3.398192952
Alliaria_petiolata_6,3.222134987,1.39011664,-0.041076133,0.38167464,4.723815092
Alliaria_petiolata_7,0.382636737,-0.468818365,-0.014008683,1.641304217,3.879244515
Brassica_insularis_2,-0.813394605,-0.385164169,-0.879679151,1.691880898,0.194521262
Lomatium_cookii,-0.664738211,-0.237893034,-1.143474224,0.52744828,1.751708883
Lomatium_cookii_2,-0.664738211,-0.237893034,-1.201448619,0.569565598,1.395706691
Lomatium_cookii_3,-0.664738211,-0.237893034,-1.098743777,0.465458824,2.073023089
Stipa_calamagrostis,0.0992511,2.213337426,-0.780704007,0.444151462,2.306520506
Cypripedium_fasciculatum,1.226611546,1.001006044,-1.371673892,0.728275975,0.400176415
Brassica_insularis_3,8.265678448,-5.362547548,-0.867682038,1.574292988,0.21429169
Ramonda_myconi,0.342571957,0.476415905,-0.965594894,0.310412228,1.440610281
Ramonda_myconi_2,0.342571957,0.476415905,-0.576266561,0.279104242,0.422645098
Cypripedium_fasciculatum_2,-0.673137454,-0.293945078,-1.373899798,0.6933173,0.405877573
Cypripedium_fasciculatum_3,-0.889629633,-0.44316847,-1.565799057,0.579203787,0.41336636
Ramonda_myconi_3,7.094616121,-6.242355355,-1.882282858,0.37867721,0.599180714
Sarracenia_purpurea,8.985842261,-5.291221335,-0.104856499,0.169366162,1.604590451
Cirsium_pitcheri_5,15.88771917,-6.558184498,-1.160538858,0.337933968,0.951759024
Cypripedium_calceolus,0.526082986,2.432066401,-1.619750259,0.726758578,0.23764359
Cypripedium_calceolus_2,-0.7153321,-0.270808893,-1.334709349,0.646551343,0.992838764
Cypripedium_calceolus_3,-0.7153321,-0.270808893,-1.142021285,0.526850017,0.397451706
Brassica_insularis_4,1.078865214,3.046009035,-1.151965976,1.376879087,0.640322249
Festuca_eskia,-0.562125314,-0.112170736,-0.384282175,0.222758262,2.480060664
Festuca_eskia_2,-0.562125314,-0.112170736,-0.316113056,0.210403472,2.857015587
Alliaria_petiolata_8,8.284282137,-5.232517354,-0.060260121,0.244202141,4.183580219
Santolina_melidensis,-0.258170161,0.144542741,-0.827121988,0.733392479,0.509595509
Alliaria_petiolata_9,7.452950988,-2.492789888,-0.058414045,0.752333442,3.00345105
Trollius_laxus,1.108545458,-0.511681403,-0.585145766,0.560146826,1.280930882
Alliaria_petiolata_10,17.56083602,-5.984803775,-0.06898531,0.329703885,3.760320714
Armeria_merinoi,2.034292491,1.179826823,-0.865478849,1.046861737,0.346063482
Armeria_merinoi_2,1.477880837,1.273999476,-1.898135874,0.342931361,1.074116372
Rumex_rupestris,-0.008961113,0.201513702,-0.393705505,1.518649552,0.26334229
Lepidium_davisii,8.57685462,-6.074925757,-0.138538785,1.74311976,0.032211307
Lepidium_davisii_2,8.57685462,-6.074925757,-0.136574746,1.619130449,0.046590841
Lepidium_davisii_3,8.57685462,-6.074925757,-0.302498941,1.012489175,0.023744959
Lepidium_davisii_4,8.57685462,-6.074925757,-0.393570098,1.246665215,0.03381859
Lepidium_davisii_5,8.57685462,-6.074925757,-0.018176118,2.900069504,0.142977327
Lepidium_davisii_6,8.57685462,-6.074925757,-0.099989192,1.31124101,0.023046053
Lepidium_davisii_7,8.57685462,-6.074925757,-0.052207491,1.777781535,0.08793904
Lepidium_davisii_8,8.57685462,-6.074925757,-0.29563781,2.97745206,0.002894359
Centaurea_corymbosa,3.824838558,1.312875396,-0.543658072,0.685852011,1.578932997
Centaurea_corymbosa_2,3.824838558,1.312875396,-0.550396393,0.731382,1.526096728
Centaurea_corymbosa_3,3.824838558,1.312875396,-0.601234632,0.646116236,1.702122275
Centaurea_corymbosa_4,3.824838558,1.312875396,-0.441172988,0.859066793,1.619196326
Centaurea_corymbosa_5,3.824838558,1.312875396,-0.666579488,0.646536823,1.503648417
Centaurea_corymbosa_6,3.824838558,1.312875396,-0.565841641,0.742786367,1.208379851
Helianthus_divaricatus,0.506324116,0.641914772,-1.708849204,0.901489733,0.216171656
Helianthus_divaricatus_2,0.506324116,0.641914772,-1.939468122,0.789168082,0.601675471
Primula_vulgaris,0.273484147,0.0426698,-0.174339285,1.041931017,1.114783388
Primula_vulgaris_2,0.273484147,0.0426698,-0.044592543,1.018590071,1.991562061
Primula_vulgaris_3,0.273484147,0.0426698,-0.194617374,0.904476891,1.205955226
Primula_vulgaris_4,0.273484147,0.0426698,-0.265526331,1.059318859,0.534342514
Primula_vulgaris_5,0.273484147,0.0426698,-0.025740197,1.190812145,1.225296194
Primula_vulgaris_6,0.273484147,0.0426698,-0.153044473,0.901075849,1.154081323
Primula_vulgaris_7,0.273484147,0.0426698,-0.193171285,1.047058085,0.902078065
Primula_vulgaris_8,0.273484147,0.0426698,-0.190940049,1.00590827,0.735159952
Primula_vulgaris_9,0.273484147,0.0426698,-0.220343376,1.315688049,0.673499666
Primula_vulgaris_10,0.273484147,0.0426698,-0.207089721,2.309539669,1.483825336
Primula_vulgaris_11,0.273484147,0.0426698,-0.319306309,1.097152331,1.208513246
Primula_vulgaris_12,0.273484147,0.0426698,-0.244935599,1.225073831,0.778234389
Primula_vulgaris_13,0.273484147,0.0426698,-0.312151149,1.017858438,0.937872198
Primula_vulgaris_14,0.273484147,0.0426698,-0.256182363,0.846883123,0.623296909
Eritrichium_caucasicum,1.162487934,2.964031674,-0.383292237,0.487778237,3.98536982
Eritrichium_caucasicum_2,1.162487934,2.964031674,-0.384731028,0.560745298,3.988443098
Paeonia_officinalis,-0.664738211,-0.237893034,-0.065005443,1.093609019,2.612441477
Paeonia_officinalis_2,-0.664738211,-0.237893034,-0.490572249,0.496515196,0.635771953
Paeonia_officinalis_3,-0.664738211,-0.237893034,-0.158350588,0.610727899,2.079334744
Polemonium_van-bruntiae,0.735231452,0.216744384,-0.127467587,0.100310014,4.038288932
Polemonium_van-bruntiae_2,0.735231452,0.216744384,-0.143474117,0.119494743,3.7755612
Polemonium_van-bruntiae_3,0.735231452,0.216744384,-0.139577973,0.099395828,4.387790633
Polemonium_van-bruntiae_4,0.735231452,0.216744384,-0.115589111,0.096626256,3.95920775
Asarum_canadense,-0.956489082,-0.486666533,-0.79151888,1.267882328,0.170652167
Asarum_canadense_2,-0.956489082,-0.486666533,-0.69812313,1.174718579,0.199685434
Asarum_canadense_3,-0.956489082,-0.486666533,-0.710984978,0.982150087,0.273387471
Asarum_canadense_4,-0.956489082,-0.486666533,-0.690887039,1.55916054,0.146155607
Asarum_canadense_5,-0.956489082,-0.486666533,-0.91957136,1.426138946,0.131817001
Asarum_canadense_6,-0.956489082,-0.486666533,-0.825479061,1.929390574,0.084544576
Asarum_canadense_7,-0.956489082,-0.486666533,-1.034118856,1.131086697,0.179862831
Carduus_nutans,4.032186952,2.888428028,-0.83816679,1.789148158,2.211704166
Carduus_nutans_2,4.032186952,2.888428028,-1.053167666,0.945246916,3.290460162
Carduus_nutans_3,4.032186952,2.888428028,-0.864097898,2.114749674,1.282332308
Carduus_nutans_4,4.032186952,2.888428028,-0.974560468,0.527162438,1.900311531
Lomatium_bradshawii,8.644836036,0.751880542,-0.476647764,0.906345284,2.002599289
Lomatium_bradshawii_2,2.895045661,1.059153237,-0.211027066,1.096827992,1.793264604
Sarracenia_purpurea_2,-0.725877474,-0.277669603,-0.104746887,0.420242854,1.598483816
Horkelia_congesta,2.395458289,1.249453013,-1.734232162,0.963907976,0.55816224
Pyrrocoma_radiata,6.329585468,-1.04768094,-0.23993723,1.298798381,1.060847691
Pyrrocoma_radiata_2,6.329585468,-1.04768094,-0.204872735,1.236744566,1.398717344
Pyrrocoma_radiata_3,6.329585468,-1.04768094,-0.16729318,1.350450872,1.105357179
Pyrrocoma_radiata_4,6.329585468,-1.04768094,-0.24103552,1.364303701,0.74760777
Pyrrocoma_radiata_5,6.329585468,-1.04768094,-0.151505489,1.016862164,0.916610265
Pyrrocoma_radiata_6,6.329585468,-1.04768094,-0.459176902,1.18216764,0.866863895
Pyrrocoma_radiata_7,-0.237770519,-0.176261967,-0.42738557,1.466654073,1.923244376
Pyrrocoma_radiata_8,6.329585468,-1.04768094,-0.332557463,2.143633476,1.598051451
Pyrrocoma_radiata_9,5.338663474,-1.681367697,-0.651871517,1.268079044,1.412033147
Pyrrocoma_radiata_10,5.338663474,-1.681367697,-0.379790329,1.474758276,1.697476065
Castanea_dentata,5.617742843,-1.229025526,-1.468929008,0.101120311,2.992801215
Castanea_dentata_2,0.342750861,0.476430706,-1.365436223,0.059374239,2.305725121
Castanea_dentata_3,4.257336243,-0.097042457,-1.147969369,0.056900177,2.508178493
Rubus_praecox,-0.566211177,-0.114955722,-0.749727188,0.195583707,0.309218964
Rubus_praecox_2,-0.566211177,-0.114955722,-1.144366461,0.689486541,0.227441143
Rubus_praecox_3,-0.566211177,-0.114955722,-0.479571586,0.110916695,0.370820282
Rubus_ursinus,-0.566211177,-0.114955722,-0.274696501,0.112826687,1.024293683
Rubus_ursinus_2,-0.566211177,-0.114955722,-0.289021344,0.159496437,1.045795481
Rubus_ursinus_3,-0.566211177,-0.114955722,-0.266981615,0.080248785,1.015858515
Astragalus_scaphoides,-1.189205435,-0.798146446,-0.779720152,1.3160676,1.400591914
Astragalus_scaphoides_2,-1.319967479,-0.933775703,-0.983259124,0.880664826,0.779207306
Limonium_carolinianum,10.00011628,-4.655602709,-0.03534638,0.438138,8.944958587
Astragalus_tyghensis,-0.172313709,1.918726063,-0.399817655,0.99175101,1.886871724
Astragalus_tyghensis_2,-0.222902869,1.885810596,-0.734246389,0.805628223,1.392419277
Astragalus_tyghensis_3,-0.222902869,1.885810596,-0.378175147,0.962163509,1.273802779
Tetraneuris_herbacea,-0.649202156,-0.252042946,-1.77500268,2.414208198,0.76841541
Tetraneuris_herbacea_2,-0.649202156,-0.252042946,-1.705249458,2.180168329,0.730820165
Tetraneuris_herbacea_3,-0.649202156,-0.252042946,-1.906498408,1.629473443,0.812726621
Astragalus_tyghensis_4,0.366715005,2.266930229,-0.456936372,0.985214732,1.157539723
Astragalus_tyghensis_5,1.776128463,3.11065077,-0.606916394,1.407324592,0.550511761
Eryngium_alpinum,2.180437621,-1.933809745,-0.063590272,0.436649289,2.372015504
Boechera_fecunda,-1.232295482,-0.826180383,-0.424081629,1.661071175,1.203567144
Helianthus_divaricatus_3,-0.133635938,-0.356302918,-1.316980182,0.457056188,0.665165459
Helianthus_divaricatus_4,-0.133635938,-0.356302918,-1.365342093,0.366358374,0.83682135
Boechera_fecunda_2,-1.146923669,-0.720081539,-0.714700521,1.410170064,0.743900212
Cirsium_pitcheri_6,-0.352245652,-0.097600234,-0.628040832,0.594766515,1.167743777
Cirsium_pitcheri_7,-0.352245652,-0.097600234,-0.769077718,0.663215227,1.237795022
Leontopodium_nivale_alpinum,0.342571957,0.476415905,-3.271498016,1.634030949,0.216259267
Leontopodium_nivale_alpinum_2,-0.299707198,0.117519177,-4.298690046,2.168929222,0.126540901
Astragalus_alopecurus,0.750482951,2.754948928,-0.115045283,0.572397989,7.847530731
Astragalus_alopecurus_2,0.750482951,2.754948928,-0.101878352,0.532231627,7.732465279
Astragalus_alopecurus_3,0.750482951,2.754948928,-0.129341418,0.437278775,7.957658974
Astragalus_alopecurus_4,0.750482951,2.754948928,-0.118772422,0.730791515,7.877604299
Astragalus_alopecurus_5,0.750482951,2.754948928,-0.116729266,0.555952436,7.861201624
Boechera_fecunda_3,-0.731532541,-0.281348731,-0.721014641,0.856265216,0.565791532
Saponaria_bellidifolia,-0.368759408,0.022037697,-0.418756122,0.60654881,0.096873384
Saponaria_bellidifolia_2,-0.391160096,-0.051499372,-0.376335619,0.700778761,0.360406623
Saponaria_bellidifolia_3,-0.615684425,-0.197572567,-1.043760702,0.553138512,0.448500044
Trillium_ovatum,-0.556912718,-0.108779475,-0.716469315,0.150580475,3.344275929
Saponaria_bellidifolia_4,-0.588503183,-0.179888733,-0.530282519,0.221193211,0.09324248
Artemisia_genipi,-0.364415134,0.075420866,-1.034113707,0.551327472,1.68501499
Artemisia_genipi_2,-0.364415134,0.075420866,-1.2065642,0.372729856,1.206335115
Saxifraga_aizoides,-0.364415134,0.075420866,-0.157004437,0.231217806,1.619335014
Saxifraga_aizoides_2,-0.364415134,0.075420866,-0.124845292,0.208799464,2.143177777
Saxifraga_aizoides_3,-0.364415134,0.075420866,-0.197588362,0.173631473,0.642400343
Plantago_coronopus_2,8.971732074,-4.84828118,-1.05963345,1.014200424,0.433397127
Cytisus_scoparius,10.30347329,-5.50999234,-0.579109401,0.322751836,7.553065548
Astragalus_cottonii,-0.732013462,-0.281661613,-0.229701204,0.408942607,0.14294381
Astragalus_cottonii_2,-0.731725541,-0.281474295,-0.125842575,1.72591511,0.300089931
Astragalus_cottonii_3,-0.730778841,-0.280867535,-0.123372778,0.944694156,0.100436346
Carex_humilis,2.671845049,2.049181509,-0.302347591,1.435627619,1.06903709
Carex_humilis_2,2.671845049,2.049181509,-0.238782427,1.486779797,0.939309921
Carex_humilis_3,2.671845049,2.049181509,-0.40282012,1.406584252,1.234770721
Dracocephalum_austriacum,2.461548973,3.927114112,-0.813355846,0.597489623,3.017535709
Dracocephalum_austriacum_2,2.461548973,3.927114112,-0.813355048,0.597489623,3.017538533
Dracocephalum_austriacum_3,7.859382758,1.271212474,-0.701992552,0.623187379,2.487809686
Dracocephalum_austriacum_4,7.859382758,1.271212474,-0.701998081,0.623178131,2.487851606
Dracocephalum_austriacum_5,5.347749592,-1.286753501,-0.424994505,0.676299603,2.808296096
Dracocephalum_austriacum_6,5.347749592,-1.286753501,-0.424995313,0.676290221,2.80833244
Calochortus_lyallii,-0.872530446,-0.562646881,-0.756603932,0.433920647,0.964709742
Calochortus_lyallii_2,-0.872530446,-0.562646881,-0.770002323,0.439586186,0.875011712
Calochortus_lyallii_3,-0.872530446,-0.562646881,-0.75835107,0.410448057,1.036427675
Calochortus_lyallii_4,-0.872530446,-0.562646881,-0.668117453,0.445210247,0.624351484
Calochortus_lyallii_5,-0.872530446,-0.562646881,-0.896477805,0.461452867,0.923093165
Calochortus_lyallii_6,-0.872530446,-0.562646881,-0.732644788,0.42465271,1.032683284
Calochortus_lyallii_7,-0.872530446,-0.562646881,-0.668960575,0.378788974,1.49583287
Calochortus_lyallii_8,-0.872530446,-0.562646881,-0.714285571,0.43177216,0.625515013
Calochortus_lyallii_9,-0.872530446,-0.562646881,-0.787377536,0.463126635,0.865507978
Calochortus_lyallii_10,-0.872530446,-0.562646881,-0.773404638,0.437442878,0.886629042
Calochortus_lyallii_11,-0.872530446,-0.562646881,-0.767891908,0.438310087,0.979733846
Calochortus_lyallii_12,-0.872530446,-0.562646881,-0.727181309,0.461457824,0.754512885
Calochortus_lyallii_13,-0.872530446,-0.562646881,-0.809074354,0.481935789,0.69374804
Calochortus_lyallii_14,-0.872530446,-0.562646881,-0.758175311,0.395423049,1.160486876
Calochortus_lyallii_15,-0.872530446,-0.562646881,-0.795452428,0.45915549,1.217147238
Calochortus_lyallii_16,-0.872530446,-0.562646881,-0.769586358,0.529790172,0.606893873
Calochortus_lyallii_17,-0.872530446,-0.562646881,-0.691042968,0.520015823,0.740523699
Calochortus_lyallii_18,-0.872530446,-0.562646881,-0.494898095,0.36107872,0.497587591
Calochortus_lyallii_19,-0.872530446,-0.562646881,-0.788736604,0.422480599,0.796729843
Calochortus_lyallii_20,-0.872530446,-0.562646881,-1.25365677,0.488140243,0.517671163
Calochortus_macrocarpus,-0.872530446,-0.562646881,-1.157003904,0.573557898,0.949108668
Calochortus_macrocarpus_2,-0.872530446,-0.562646881,-1.268038715,0.595343545,0.335925732
Calochortus_macrocarpus_3,-0.872530446,-0.562646881,-1.062345142,0.342341533,0.516294589
Calochortus_macrocarpus_4,-0.872530446,-0.562646881,-1.061348251,0.536782957,1.610667172
Calochortus_macrocarpus_5,-0.872530446,-0.562646881,-1.238868369,0.583491149,0.765506798
Actaea_elata,0.545425918,-0.304146937,-1.555579634,1.202277663,0.484433298
Viola_elatior,16.42538647,-5.926785443,-0.641696164,1.046838162,0.693038192
Viola_pumila,16.42538647,-5.926785443,-0.807243976,0.611915301,1.519895355
Prunus_serotina,1.214647897,0.245107631,-0.035142791,0.413848655,8.501737252
Prunus_serotina_2,1.214647897,0.245107631,-0.061244413,0.130745407,8.067518375
Dracocephalum_austriacum_7,7.144979921,-2.119057542,-0.86655539,0.47916989,1.387826977
Dracocephalum_austriacum_8,7.144979921,-2.119057542,-0.866563807,0.479179929,1.387819019
Dracocephalum_austriacum_9,7.487045527,-2.411644921,-0.727099246,0.51871294,2.244961186
Dracocephalum_austriacum_10,7.487045527,-2.411644921,-0.727101603,0.518722922,2.244937428
Dracocephalum_austriacum_11,7.144979921,-2.119057542,-0.784739742,0.570551539,1.662210901
Dracocephalum_austriacum_12,7.144979921,-2.119057542,-0.784733775,0.570569119,1.662208971
Scorzonera_hispanica,1.109622045,-0.393054159,-0.457243527,1.029012416,0.816694164
Asplenium_adulterinum,0.382929921,0.164430913,-1.419040641,0.73556831,0.245125471
Asplenium_cuneifolium,0.382929921,0.164430913,-1.399968126,0.550751985,0.250736328
Asplenium_adulterinum_2,0.552133804,-0.417508749,-1.20575496,0.714079411,0.167297653
Asplenium_cuneifolium_2,0.552133804,-0.417508749,-1.803455496,0.559524812,0.168436312
Asplenium_adulterinum_3,1.947806924,2.444688632,-1.4931009,0.771861459,0.166347682
Asplenium_adulterinum_4,-0.224075622,0.225687708,-1.215328439,1.010077669,0.105155657
Asplenium_adulterinum_5,0.08901653,-0.203676327,-1.4931009,0.771861459,0.166347682
Asplenium_cuneifolium_3,0.08901653,-0.203676327,-1.534072549,0.559821508,0.254648813
Asplenium_adulterinum_6,0.08901653,-0.203676327,-1.423544302,0.736599131,0.165682461
Asplenium_adulterinum_7,0.08901653,-0.203676327,-1.803409018,0.528935408,0.170370224
Asplenium_cuneifolium_4,0.08901653,-0.203676327,-1.544991143,0.601044298,0.201967627
Asplenium_cuneifolium_5,0.08901653,-0.203676327,-1.485541124,0.784650766,0.120532877
Anthyllis_vulneraria_L.,6.527429004,-2.064661457,-0.441557617,0.90220219,0.687028247
Anthyllis_vulneraria_L._2,6.527429004,-2.064661457,-0.304969577,0.665706281,1.136775005
Anthyllis_vulneraria_L._3,6.527429004,-2.064661457,-1.386063995,1.245166921,0.245226874
Anthyllis_vulneraria_L._4,6.527429004,-2.064661457,-0.446606238,0.261175494,0.436294942
Anthyllis_vulneraria_L._5,6.527429004,-2.064661457,-0.427803914,0.324440557,1.281138208
Anthyllis_vulneraria_L._6,6.527429004,-2.064661457,-0.396849131,0.652783313,1.507756359
Anthyllis_vulneraria_L._7,6.527429004,-2.064661457,-0.35476069,0.97054574,1.803388952
Anthyllis_vulneraria_L._8,6.527429004,-2.064661457,-0.420835214,0.684286269,1.72951061
Anthyllis_vulneraria_L._9,6.527429004,-2.064661457,-0.243744628,1.054975199,1.565312632
Anthyllis_vulneraria_L._10,6.527429004,-2.064661457,-0.218347448,0.418896023,0.851541207
Anthyllis_vulneraria_L._11,6.527429004,-2.064661457,-0.118698351,0.176237844,2.070310023
Anthyllis_vulneraria_L._12,6.527429004,-2.064661457,-0.135769448,0.120876154,2.135304842
Anthyllis_vulneraria_L._13,6.527429004,-2.064661457,-0.147415072,0.436437508,1.9136037
Anthyllis_vulneraria_L._14,6.527429004,-2.064661457,-0.631442411,0.92850638,1.601908428
Anthyllis_vulneraria_L._15,6.527429004,-2.064661457,-0.628368525,0.54052324,2.043950542
Anthyllis_vulneraria_L._16,6.527429004,-2.064661457,-0.690450863,0.714287338,1.311147323
Anthyllis_vulneraria_L._17,6.527429004,-2.064661457,-0.541844399,1.286600687,0.805292983
Anthyllis_vulneraria_L._18,6.527429004,-2.064661457,-0.051511525,0.736624961,0.177531113
Anthyllis_vulneraria_L._19,6.527429004,-2.064661457,-0.376623179,1.455765504,0.388690075
Anthyllis_vulneraria_L._20,6.527429004,-2.064661457,-0.278746456,1.068298423,1.252155404
Anthericum_ramosum,1.84805476,0.028399077,-0.700389583,0.470292274,1.783931648
Carlina_vulgaris,8.339627339,-5.711642047,-0.183422821,0.263324744,2.512369011
Carlina_vulgaris_2,0.914235111,2.920447795,-0.426593526,0.37547535,2.443105513
Sarracenia_purpurea_3,7.09249794,-6.876791956,-1.920325929,0.450705067,0.661252359
Androsace_elongata,3.224382391,2.421842191,-0.34442524,3.463292383,1.970845556
Androsace_elongata_2,3.224382391,2.421842191,-0.300124615,3.190044141,1.815781795
Androsace_elongata_3,3.224382391,2.421842191,-0.416417018,3.034013755,2.042096656
Androsace_elongata_4,3.224382391,2.421842191,-0.523341743,3.079518776,2.461044239
Androsace_elongata_5,3.224382391,2.421842191,-0.687393749,3.752870311,2.335336919
Arenaria_serpyllifolia,3.224382391,2.421842191,-0.159801464,3.907925724,2.739970203
Arenaria_serpyllifolia_2,3.224382391,2.421842191,-0.088348047,5.703122971,2.014356045
Arenaria_serpyllifolia_3,3.224382391,2.421842191,-0.145897468,6.258146402,2.484346345
Arenaria_serpyllifolia_4,3.224382391,2.421842191,-0.185481261,5.853358801,2.706763942
Arenaria_serpyllifolia_5,3.224382391,2.421842191,-0.20357016,2.179217999,3.418787417
Arenaria_serpyllifolia_6,3.224382391,2.421842191,-0.25808579,8.666752394,2.999212958
Saxifraga_tridactylites,3.224382391,2.421842191,-0.164182658,6.59235554,3.003197971
Saxifraga_tridactylites_2,3.224382391,2.421842191,-0.074120321,4.962866547,2.19351857
Saxifraga_tridactylites_3,3.224382391,2.421842191,-0.137470301,5.500576629,2.771153169
Saxifraga_tridactylites_4,3.224382391,2.421842191,-0.20810323,4.859470775,3.156117749
Saxifraga_tridactylites_5,3.224382391,2.421842191,-0.328141098,2.620915587,3.854306246
Saxifraga_tridactylites_6,3.224382391,2.421842191,-0.493603612,3.622255147,3.876122215
Veronica_arvensis_2,3.224382391,2.421842191,-0.330159134,4.65787321,1.659652752
Veronica_arvensis_3,3.224382391,2.421842191,-0.186995563,3.98370866,1.155855387
Veronica_arvensis_4,3.224382391,2.421842191,-0.297533503,3.657261129,1.481906946
Veronica_arvensis_5,3.224382391,2.421842191,-0.396707714,3.300772841,1.700883216
Veronica_arvensis_6,3.224382391,2.421842191,-0.463486484,2.310113428,2.270078806
Veronica_arvensis_7,3.224382391,2.421842191,-0.654922115,3.859349579,2.021528643
Cirsium_acaule,0.416520849,0.127321407,-1.303748946,1.166881898,0.016807019
Cirsium_acaule_2,0.416520849,0.127321407,-0.26165952,1.480916229,2.365058988
Cirsium_pannonicum,0.416520849,0.127321407,-1.259452969,0.96347881,0.023163017
Orchis_purpurea,9.385690273,-0.193519427,-0.013627189,0.460594241,5.240604239
Orchis_purpurea_2,9.385690273,-0.193519427,-0.010087667,0.640156602,5.348928189
Orchis_purpurea_3,9.385690273,-0.193519427,-0.010230245,0.543850717,5.261885541
Orchis_purpurea_4,9.385690273,-0.193519427,-0.008994013,0.596506235,5.293872068
Orchis_purpurea_5,9.385690273,-0.193519427,-0.012805111,0.355215064,5.903947165
Orchis_purpurea_6,9.385690273,-0.193519427,-0.017576946,0.401537043,4.933746526
Orchis_purpurea_7,9.385690273,-0.193519427,-0.022199823,0.599807419,3.252745951
Primula_veris,13.26944259,-7.126636558,-0.332468501,0.829251368,2.239420995
Primula_veris_2,13.26944259,-7.126636558,-0.445591979,0.7083184,1.893227435
Primula_elatior,3.263734295,-0.934211118,-0.031045055,0.312510888,1.027497364
Primula_elatior_2,3.263734295,-0.934211118,-0.021233907,0.108198776,1.480293917
Primula_elatior_3,3.263734295,-0.934211118,-0.086977248,0.306825272,1.585250677
Primula_elatior_4,3.263734295,-0.934211118,-0.14179066,0.373896506,0.936017149
Primula_elatior_5,3.263734295,-0.934211118,-0.199997166,0.342908709,1.485968927
Primula_elatior_6,3.263734295,-0.934211118,-0.142923401,0.526823833,1.400639664
Primula_elatior_7,3.263734295,-0.934211118,-0.169256253,0.319592851,1.127121801
Rhododendron_ponticum_3,2.961038553,-0.159932955,-0.216692977,0.710176421,1.070755044
Pinus_strobus,-0.398373155,0.053328131,-0.377866438,0.04267217,3.456594341
Pinus_strobus_2,-0.398373155,0.053328131,-0.730844953,0.035463649,2.527197705
Pinus_strobus_3,-0.398373155,0.053328131,-0.597897589,0.048376391,4.115467085
Anemone_patens,2.427914145,-1.823360919,-1.995838904,0.935680529,0.144483558
Viola_elatior_2,2.713474948,1.574319412,-0.779092227,1.074346527,1.256037041
Viola_pumila_2,2.713474948,1.574319412,-0.835572123,0.790189086,1.006689936
Carlina_vulgaris_3,1.07798727,3.085946662,-1.129429046,1.211758327,0.700965332
Rhododendron_ponticum_4,10.12115114,-4.493637764,-0.345652986,0.777350476,0.75387203
Rhododendron_ponticum_5,10.67756279,-4.587810418,-0.448368491,0.651155762,1.20108513
Molinia_caerulea,7.913376917,-5.41486102,-0.446060639,0.463496034,1.566702556
Molinia_caerulea_2,7.913376917,-5.41486102,-0.784623019,0.501479167,2.271730383
Molinia_caerulea_3,7.913376917,-5.41486102,-0.541522046,0.568688215,1.864719871
Molinia_caerulea_4,7.913376917,-5.41486102,-0.399808938,0.536110522,2.057291933
Rhododendron_ponticum_6,10.84131495,-4.422311551,-0.34834138,0.956725646,0.101091705
Cirsium_vulgare,9.564739487,-4.39946511,-0.008654175,0.943262964,4.820079841
Cirsium_vulgare_2,9.564739487,-4.39946511,-0.012773822,0.907528054,5.342515579
Cirsium_vulgare_3,9.564739487,-4.39946511,-0.005948628,0.967684828,4.207429143
Primula_vulgaris_15,9.95742716,-4.6591343,-0.296697078,0.652771267,3.023996584
Primula_vulgaris_16,9.95742716,-4.6591343,-0.408734535,0.826659082,1.703412552
Primula_vulgaris_17,9.95742716,-4.6591343,-0.27186533,0.71898384,0.331529264
Primula_vulgaris_18,9.95742716,-4.6591343,-0.451097714,1.019945225,0.393687946
Rhododendron_ponticum_7,4.957740964,0.176298599,-0.593922051,0.554275437,1.657036965
Primula_vulgaris_19,9.564739487,-4.39946511,-0.595967025,0.711269696,0.261243769
Cirsium_dissectum,8.524345435,-5.483210323,-0.496079974,1.345458722,0.64152777
Cirsium_dissectum_2,9.448624426,0.362556586,-0.564334851,1.247272583,0.709355645
Cirsium_dissectum_3,2.099750402,2.264263429,-0.557835276,1.255808265,0.700483284
Primula_vulgaris_20,3.574372281,3.738768804,-0.357855431,0.862749199,0.168934128
Cirsium_dissectum_4,3.329895531,1.519187944,-0.55743515,1.257484418,0.87638286
Asplenium_scolopendrium,8.427183203,-6.228774233,-1.246644318,0.722609231,0.737159194
Gentiana_pneumonanthe,1.240372593,2.676461159,-0.668750333,1.019448813,1.053883201
Rhododendron_ponticum_8,7.050747853,-0.279958259,-0.210046823,1.063631363,1.325321112
Cypripedium_calceolus_4,-0.368759408,0.022037697,-0.001047041,0.031390083,9.380896178
Cypripedium_calceolus_5,-0.368759408,0.022037697,-0.001004631,0.028570997,9.278770349
Cypripedium_calceolus_6,-0.368759408,0.022037697,-0.000731424,0.049428826,9.307930546
Trollius_europaeus,7.357898617,0.429815706,-0.126965282,0.578293568,2.223407896
Trollius_europaeus_2,9.582422844,-0.070067561,-0.066142374,0.947202627,0.766435719
Trollius_europaeus_3,13.78669029,-6.743332679,-0.182694286,0.959337125,1.15147449
Trollius_europaeus_4,13.71801132,-6.78902462,-0.062185412,0.405221522,2.369724101
Trollius_europaeus_5,1.539632884,2.355994333,-0.05128976,0.859609984,1.845525753
Plantago_coronopus_3,1.324307705,2.916320572,-0.432240584,1.447438929,1.77634589
Plantago_coronopus_4,1.714617891,2.644438508,-0.481584159,1.847302957,0.762019143
Plantago_coronopus_5,3.168081177,-0.880835462,-0.50428533,1.551901884,2.418605315
Succisa_pratensis,1.737627116,1.295487802,-0.860448352,0.727098629,0.754017033
Plantago_coronopus_6,16.55872676,-5.91575445,-0.257278945,1.235409523,1.406365227
Succisa_pratensis_2,1.478658621,1.274063821,-0.734778516,0.494678552,0.386439873
Succisa_pratensis_3,1.549216559,1.279900948,-0.728572745,0.787079025,1.124550117
Plantago_coronopus_7,-0.555875794,-0.207577086,-0.262762399,1.700653638,1.586910305
Eryngium_maritimum,2.940834702,1.546978878,-0.305824591,1.360447514,0.769954102
Succisa_pratensis_4,-0.129327252,0.246821204,-0.189530924,0.702579236,3.62165872
Succisa_pratensis_5,-0.129327252,0.246821204,-0.292406842,0.606372519,4.09670302
Succisa_pratensis_6,-0.129327252,0.246821204,-0.047832409,0.439384436,3.871248249
Succisa_pratensis_7,-0.129327252,0.246821204,-0.087833516,0.778498476,2.599863012
Carlina_vulgaris_4,-0.129327252,0.246821204,-0.283142403,0.593416605,2.575216643
Agrimonia_eupatoria,0.506324116,0.641914772,-0.987893341,0.580034436,0.293324276
Agrimonia_eupatoria_2,0.506324116,0.641914772,-0.647643183,0.630783067,0.243403822
Agrimonia_eupatoria_3,0.506324116,0.641914772,-1.428949713,0.503472704,0.349643857
Geum_rivale,0.506324116,0.641914772,-0.284698393,0.6545596,0.834330529
Geum_rivale_2,0.506324116,0.641914772,-0.699576649,0.613728183,1.197010168
Primula_veris_3,1.969277981,0.914894174,-0.240971521,0.418507698,3.16728583
Rubus_saxatilis,1.643651402,0.595800185,-0.942607712,1.126177129,0.793222147
Rubus_saxatilis_2,1.643651402,0.595800185,-0.893717309,1.269532516,1.032279559
Rubus_saxatilis_3,1.643651402,0.595800185,-1.00790306,0.935975366,0.458791438
Ranunculus_peltatus,0.111417218,-0.130139258,-0.151102462,0.269411814,1.369836874
Neotinea_ustulata_2,1.314128677,1.108500609,-34.53957599,3.477970471,1.00E-06
Gentianella_campestris,-0.195410375,0.24433702,-4.84E-05,0.273166766,6.929817023
Oxalis_acetosella,8.568534675,-6.136812435,-0.305341593,1.22809401,0.426531265
Oxalis_acetosella_2,8.568534675,-6.136812435,-0.402471653,1.592112685,0.490485416
Oxalis_acetosella_3,2.880884773,-0.786084158,-0.60734634,1.269507424,0.467751463
Geranium_sylvaticum,15.29523608,-7.05089256,-1.681055549,0.164430046,1.652984655
Silene_acaulis,-1.058514818,-0.61200683,-0.330242502,0.064686798,0.129474759
Silene_acaulis_2,-1.120241241,-0.6521654,-0.330153893,0.052028006,0.063660358
Silene_acaulis_3,-1.120241241,-0.6521654,-0.179658877,0.050966042,3.672441502
Silene_acaulis_4,-1.120241241,-0.6521654,-0.477641215,0.064474117,1.455988021
Silene_acaulis_5,-1.120241241,-0.6521654,-0.330520386,0.033984646,1.030446433
Dactylorhiza_lapponica,0.015067638,0.145418171,-0.004174417,0.878809114,5.041951558
Dactylorhiza_lapponica_2,-0.467395124,-0.109503673,-0.001834716,0.955488001,5.565163706
Arnica_angustifolia,-0.891330562,-0.444275077,-1.721343123,0.380312998,0.025227502
Saxifraga_cotyledon,0.822872199,0.612004008,-0.096229905,0.467967811,4.942012645
Saxifraga_cotyledon_2,0.822872199,0.612004008,-0.100592993,0.495778071,3.81786138
Saxifraga_cotyledon_3,0.822872199,0.612004008,-0.109131943,0.307254057,5.476891258
Epipactis_atrorubens,0.986636167,0.777503852,-2.961483372,0.162619,0.413249046
Epipactis_atrorubens_2,0.986636167,0.777503852,-2.142408411,0.202629318,0.058439776
Epipactis_atrorubens_3,-0.772498755,-0.366964338,-0.907444628,0.201337765,0.02662734
Himantopus_novaezelandiae,-0.969754802,-0.655475738,-0.512167914,0.941216488,0.309766536
Chelodina_expansa,8.429430607,-5.197048681,-0.023416388,0.192018285,2.239116475
Chelodina_expansa_2,8.429430607,-5.197048681,-0.193920545,0.487476797,2.175136015
Emydura_macquarii,8.429430607,-5.197048681,-0.005282898,0.345917265,2.613825344
Emydura_macquarii_2,8.429430607,-5.197048681,-0.047183403,0.437058526,2.595097122
Calyptorhynchus_lathami,1.642788176,3.099619777,-0.895667659,1.071347708,0.104671481
Calyptorhynchus_lathami_2,1.642788176,3.099619777,-0.896560466,0.463511111,0.192074224
Cryptophis_nigrescens,-0.568221104,-0.116136594,-0.316552456,0.542204955,0.933894725
Hoplocephalus_bungaroides,-0.568221104,-0.116136594,-0.742117184,0.22151748,1.025161441
Bostrychia_hagedash,10.84178363,-4.422272778,-1.567743547,0.495892924,0.276808514
Falco_peregrinus,11.25847843,-4.539752351,-0.274798324,1.471213086,0.324063063
Anthropoides_paradiseus,0.560320804,0.289520312,-0.760234805,0.231690769,1.159578908
Panthera_pardus,0.658794172,0.757923375,-0.549560736,0.572675407,0.510914763
Onychogalea_fraenata,-1.230116984,-0.824763075,-0.447540816,0.275755626,1.263452202
Didelphis_aurita,2.132507659,-1.382503756,-0.998095207,0.554706208,0.933648582
Propithecus_edwardsi,0.506324116,0.641914772,-0.980150772,1.431991891,0.241142371
Propithecus_edwardsi_2,0.506324116,0.641914772,-1.076749924,1.524122285,0.100591697
Giraffa_camelopardalis,16.26163431,-6.09228431,-1.051821423,0.998867786,0.121943021
Giraffa_camelopardalis_2,-0.156950158,0.159838594,-0.904143154,1.047796072,0.129284662
Acinonyx_jubatus,-0.743291145,-0.331149001,-0.084348185,0.119748162,1.033498845
Erythrocebus_patas,-0.731559866,-0.281366509,-0.971714985,0.828843262,0.235696593
Eidolon_helvum,10.91265068,-4.41641008,-0.46447337,1.03754492,0.436071473
Podocnemis_expansa,-0.926144121,-0.601606642,-0.629706811,0.031785294,5.373082047
Forpus_passerinus,0.095944944,0.20380652,-0.947943695,1.327184172,0.397384423
Forpus_passerinus_2,0.095944944,0.20380652,-1.283606986,1.182378943,0.354121077
Cebus_capucinus,2.299201344,3.761731439,-2.319726564,0.330044388,0.153810745
Sceloporus_grammicus,9.428865556,-1.427595043,-0.485774164,0.698682187,2.022570281
Sceloporus_grammicus_2,1.101803053,-0.398141113,-0.756007725,0.866426299,1.638153163
Sceloporus_grammicus_3,2.324473119,-0.691911504,-0.465113947,0.96261057,2.159365239
Sceloporus_grammicus_4,6.752320427,-1.859386021,-0.821819167,2.202243914,0.52072198
Sceloporus_grammicus_5,4.717753777,-0.047204569,-0.368598628,0.713868688,1.761127213
Sceloporus_grammicus_6,6.730566151,-1.417370833,-0.310997838,0.538057473,1.705997604
Sceloporus_grammicus_7,2.503063397,0.690394545,-0.196414624,1.273188153,2.191208097
Sceloporus_grammicus_8,1.844296493,-0.539734549,-0.674590543,0.703461458,2.187346406
Sceloporus_grammicus_9,0.670076276,0.807413639,-0.485215908,0.521646355,0.845478342
Xenosaurus_platyceps,-0.649642446,-0.219665302,-0.527487693,0.546623746,1.083192332
Xenosaurus_platyceps_2,-0.731184068,-0.281122018,-0.812370373,0.457033209,1.473113505
Phrynosoma_cornutum,-1.070780599,-0.662137065,-0.287714379,0.117873938,2.374072096
Malaclemys_terrapin,1.529811293,1.278295586,-0.270288314,1.142961827,1.419755524
Ovis_canadensis,-0.321007794,0.112067815,-0.745380119,0.65462729,0.144023876
Ovis_canadensis_2,-0.321007794,0.112067815,-0.739974444,0.641555372,0.154983319
Ovis_canadensis_3,-0.983280858,-0.554653813,-0.825466634,0.663634616,0.126602137
Ovis_canadensis_4,-0.895753889,-0.447152848,-0.906942258,0.70586866,0.093527536
Dasypus_novemcinctus,-0.627102599,-0.213469547,-0.490457394,0.636503598,0.516280934
Dasypus_novemcinctus_2,-0.627102599,-0.213469547,-0.431692122,0.754956091,0.679855002
Dasypus_novemcinctus_3,-0.627102599,-0.213469547,-0.404016875,0.815443529,0.770332468
Ovis_canadensis_5,-0.895751582,-0.447151347,-0.973033223,0.539116173,0.23581965
Ovis_canadensis_6,-0.867484795,-0.428761269,-0.82442588,0.539573202,0.260207611
Ovis_canadensis_7,-0.867484795,-0.428761269,-0.902654506,0.70211731,0.096432608
Sceloporus_arenicolus,-1.382792636,-0.974649097,-0.242479898,0.824447476,0.954711118
Sceloporus_arenicolus_2,-1.382792636,-0.974649097,-0.193103448,0.918169083,1.055826545
Sceloporus_arenicolus_3,-1.382792636,-0.974649097,-0.191942204,1.03898605,0.982855732
Sceloporus_arenicolus_4,-1.382792636,-0.974649097,-0.261497952,0.601972777,1.041210096
Sceloporus_arenicolus_5,-1.382792636,-0.974649097,-0.221305345,0.90530751,0.967993226
Sceloporus_arenicolus_6,-1.382792636,-0.974649097,-0.337268861,0.758575949,0.773608047
Sceloporus_arenicolus_7,-1.382792636,-0.974649097,-0.252509486,0.84461306,0.914684647
Ovis_canadensis_8,-0.565239737,-0.114196947,-0.779634806,0.544194315,0.262332544
Urocyon_littoralis,-0.532990644,-0.299679341,-0.419932529,0.857087773,0.530015398
Urocyon_littoralis_2,-0.532990644,-0.299679341,-0.533646965,0.865434077,0.44392515
Bonasa_umbellus,0.159474309,-0.157837228,-2.182272667,9.610167394,0.155988656
Odocoileus_virginianus,10.67774835,-4.587795067,-0.142965558,2.268032576,0.504223411
Odocoileus_virginianus_2,10.67774835,-4.587795067,-0.169934963,2.232108205,0.494342683
Odocoileus_virginianus_3,10.67774835,-4.587795067,-0.203943123,1.906968085,0.502110685
Odocoileus_virginianus_4,10.67774835,-4.587795067,-0.128905428,2.069288133,0.467066205
Odocoileus_virginianus_5,10.67774835,-4.587795067,-0.164544998,2.258321524,0.484810187
Odocoileus_virginianus_6,10.67774835,-4.587795067,-0.204104539,2.124136594,0.507040094
Odocoileus_virginianus_7,10.67774835,-4.587795067,-0.172756311,1.956987382,0.443695172
Odocoileus_virginianus_8,10.67774835,-4.587795067,-0.274951948,2.087313196,0.425738856
Odocoileus_virginianus_9,10.67774835,-4.587795067,-0.346656674,1.970894278,0.429586404
Odocoileus_virginianus_10,10.67774835,-4.587795067,-0.172756311,1.956987382,0.443695172
Odocoileus_virginianus_11,10.67774835,-4.587795067,-0.267344617,2.107823256,0.419696798
Odocoileus_virginianus_12,10.67774835,-4.587795067,-0.329222551,2.004567919,0.419918397
Phrynosoma_cornutum_2,9.542253915,-5.385393989,-0.285116806,0.314034908,1.950949962
Bonasa_umbellus_2,0.085601784,0.279744476,-1.707491127,7.904897183,0.044314575
Bonasa_umbellus_3,-0.639097072,-0.212804591,-2.317629755,7.640603827,0.039114699
Falco_naumanni,15.52516547,-6.552968676,-0.325081064,0.864843891,0.740150455
Bonasa_umbellus_4,-0.7153321,-0.270808893,-2.214655957,7.994509661,0.04904371
Callospermophilus_lateralis,-0.895727269,-0.447135529,-2.286069542,1.391264584,0.401398083
Bonasa_umbellus_5,1.150376518,0.943001742,-4.257757671,7.009710002,0.011379115
Bonasa_umbellus_6,-0.359162534,0.078838153,-2.999412893,9.376998224,0.035262587
Ursus_americanus,9.793646822,-4.824635498,-0.867137052,0.327763076,0.548609831
Ursus_americanus_2,9.793646822,-4.824635498,-0.844402339,0.704025838,0.423996859
Ammodramus_savannarum,-0.772498755,-0.366964338,-0.294245001,0.873438482,0.797685405
Ammodramus_savannarum_2,-0.772498755,-0.366964338,-0.282382997,0.825921067,0.850943693
Bonasa_umbellus_7,1.314128677,1.108500609,-1.335558369,7.5900535,0.209177319
Odocoileus_virginianus_13,8.429430607,-5.197048681,-0.365750241,0.210686214,1.217413387
Gavia_immer,0.590082981,0.181275712,-1.357023979,0.743919981,0.219362298
Gavia_immer_2,2.254598917,1.731947729,-1.465809868,0.677563792,0.155544287
Setophaga_cerulea,5.453990684,-1.394524393,-2.163620342,2.437302212,0.240013884
Ovis_canadensis_9,-1.146929134,-0.720085095,-1.182379788,1.267841203,0.089686476
Vipera_aspis,9.477098739,-4.794724734,-0.775108133,0.31851906,0.822984484
Fulmarus_glacialis,2.386300787,1.653055277,-3.012149935,0.281216056,0.077881376
Ursus_americanus_3,10.35005848,-4.918808152,-1.112480098,0.447969273,0.349863807
Cervus_elaphus,-1.059518193,-0.612659616,-0.188053336,0.26677405,0.705237525
Cervus_elaphus_2,-1.059518193,-0.612659616,-0.210077395,0.268061505,0.668444022
Anser_anser,10.28537198,-4.328100124,-1.013625758,0.547898942,0.388565162
Sterna_hirundo,4.72668816,-0.661231716,-0.388818088,0.833864574,0.618724609
Sterna_hirundo_2,9.966333364,-5.273163778,-0.332356751,0.689226919,0.321855798
Turdus_torquatus,0.015067638,0.145418171,-0.077036705,1.239383542,1.529482669
Turdus_torquatus_2,0.015067638,0.145418171,-0.092658751,1.134391791,1.461542156
Turdus_torquatus_3,0.015067638,0.145418171,-0.057687214,1.423440576,1.620643717
Tamiasciurus_hudsonicus,-1.050869395,-0.607032798,-0.523283993,0.578814474,0.701744957
Lagopus_leucura,-1.059512145,-0.612655681,-2.385131488,1.987915717,0.196787811
Lagopus_leucura_2,-1.059512145,-0.612655681,-2.34320396,2.297439475,0.178120511
Lagopus_muta,-1.059512145,-0.612655681,-1.591811696,2.895914037,0.204537448
Lagopus_muta_2,-1.059512145,-0.612655681,-1.216428646,2.190663723,0.238739408
Alces_alces,0.43223111,0.027977371,-0.30820675,0.445949072,0.717113554
Alces_alces_2,2.898084044,-1.115456204,-0.579402794,0.828398084,0.473626671
Calidris_temminckii,10.84145562,-5.277913455,-3.546819547,2.376275977,0.004610472
Calidris_temminckii_2,10.84145562,-5.277913455,-3.946720181,2.639134191,0.009494966
Alces_alces_3,2.194107505,-1.450293362,-0.524533485,0.270427387,0.475595486
Alces_alces_4,2.194107505,-1.450293362,-0.590322332,0.237359156,0.635037454
